ticket_id,opened_datetime,closed_datetime,system_name,issue_type,severity,facility_id,meter_id,reported_by_team,ticket_status,business_impact,root_cause_category,resolution_summary,related_batch_id,related_exception_code
TCK-000001,2026-04-12T07:00:00,2026-04-14T04:00:00,MeterFlow IQ,Snowstorm-style polling outage,High,FAC-007,MTR-033,Application Support,Resolved,Known scenario: Selected active meters report zero/stale readings because simulated field communication failed.,Polling/device communication outage,"Check upstream polling platform, device status, and whether corrected measurement values were posted.",BATCH-20260412-02,ZERO_VOLUME
TCK-000002,2026-04-18T03:00:00,2026-04-19T07:00:00,MeterFlow IQ,Duplicate ingestion retry,High,FAC-003,MTR-015,Commercial,Closed,Known scenario: A retry creates duplicate meter/timestamp records with different raw_reading_id values.,Retry/load logic duplicated source records,Group by meter_id and reading_timestamp; inspect batch retry history.,BATCH-20260418-00,DUPLICATE_READING
TCK-000003,2026-04-20T10:00:00,2026-04-23T03:00:00,Streamlit,Invalid meter source feed,High,FAC-005,MTR-999,Operations,Closed,Known scenario: Source feed contains meter IDs missing from meter_master.,Source-system/reference-data mismatch,Validate source meter IDs against meter_master and update mapping or reject feed.,BATCH-20260420-08,INVALID_METER
TCK-000004,2026-04-26T07:00:00,2026-04-29T03:00:00,Azure SQL,Late-arriving data after report refresh,Medium,FAC-012,MTR-057,Field Ops,Closed,Known scenario: Valid readings arrive after the normal reporting refresh window.,Timing/schedule issue,"Compare event, poll, load, and report refresh timestamps.",BATCH-20260426-00,LATE_ARRIVAL
TCK-000005,2026-05-05T10:00:00,,FlowCalSim,Stale readings from polling source,High,FAC-004,MTR-019,Commercial,Investigating,Known scenario: Meters repeat stale values and quality codes for several hours.,Polling source returned stale values,"Check tag freshness, polling logs, and communication status.",BATCH-20260505-04,STALE_READING
TCK-000006,2026-06-03T07:00:00,,MeterFlow IQ,Future production date,High,FAC-002,MTR-007,Measurement,Investigating,Known scenario: A small source batch is dated in the future.,Bad date-window/source-date logic,Reject future-dated records and review source date mapping.,BATCH-20260603-01,FUTURE_DATE
TCK-000007,2026-04-29T02:00:00,,SimulatedSCADA,Unapproved FlowCal-style records,High,FAC-009,MTR-044,Operations,Investigating,Known scenario: Measurement records are extracted before approval/close.,Measurement close process incomplete,Filter reporting to approved/closed records and check close workflow.,BATCH-20260429-00,UNAPPROVED_FLOWCAL_RECORD
TCK-000008,2026-05-10T04:00:00,2026-05-12T13:00:00,Azure SQL,FlowCal correction mismatch,High,FAC-011,MTR-053,Operations,Resolved,Known scenario: Corrected measurement volume materially differs from raw aggregate.,Measurement correction/reconciliation issue,Compare raw aggregate to measured and corrected volume by meter/date.,BATCH-20260510-00,FLOWCAL_MISMATCH
TCK-000009,2026-05-12T03:00:00,2026-05-14T13:00:00,FlowCalSim,Partial publisher load,High,FAC-015,MTR-072,Commercial,Resolved,Known scenario: Publisher step has rejected records and partial success status.,Target load rejected a subset of records,"Review publisher error rows, rejected count, and target acceptance rules.",BATCH-20260512-00,PARTIAL_LOAD
TCK-000010,2026-05-15T11:00:00,,SimulatedSCADA,Facility mapping mismatch,Medium,FAC-018,MTR-087,Measurement,Investigating,Known scenario: Source facility assignment conflicts with meter_master.,Master/reference mapping conflict,Validate meter-to-facility mapping and effective dates.,BATCH-20260515-08,FACILITY_MISMATCH
TCK-000011,2026-05-18T07:00:00,2026-05-20T23:00:00,FlowCalSim,Invalid quality code,Medium,FAC-020,MTR-097,BI Reporting,Resolved,Known scenario: Source feed contains quality codes outside accepted values.,Source/status code mapping issue,Review accepted values and source code translation table.,BATCH-20260518-06,INVALID_QUALITY_CODE
TCK-000012,2026-04-22T05:00:00,2026-04-23T12:00:00,FlowCalSim,Inactive meter still reporting,High,FAC-008,MTR-063,BI Reporting,Closed,Known scenario: Inactive meters continue to produce readings.,Effective-date or active flag mismatch,Confirm meter status and effective dates before including in reports.,BATCH-20260422-00,INACTIVE_METER_REPORTING
TCK-000013,2026-05-21T08:00:00,2026-05-23T23:00:00,MeterFlow IQ,Null volume batch,Medium,FAC-014,MTR-066,Operations,Resolved,Known scenario: A small set of active meters sends null volumes.,Source feed missing measurement values,Check source payload and apply null-volume exception handling.,BATCH-20260521-02,NULL_VOLUME
TCK-000014,2026-05-23T15:00:00,,FlowCalSim,Negative volume outliers,Medium,FAC-021,MTR-101,Commercial,Investigating,Known scenario: A small number of impossible negative values appear in raw readings.,Bad sensor/source calculation,Reject negative values and review source calculation.,BATCH-20260523-10,NEGATIVE_VOLUME
TCK-000015,2026-05-26T03:00:00,2026-05-27T07:00:00,MeterFlow IQ,High nomination variance,High,FAC-006,MTR-029,Operations,Resolved,Known scenario: Actual measured volume materially differs from nominated volume.,Business variance or data-quality impact,Compare actual vs nominated by facility/date/product and review exception impact.,BATCH-20260526-00,NOMINATION_VARIANCE
TCK-000016,2026-04-28T11:54:00,,Azure SQL,Late Data Arrival,High,FAC-021,MTR-102,Commercial,Investigating,Potential measurement close impact,Source Data,Documented workaround and escalation path,BATCH-20260428-11,MISSING_ASSET
TCK-000017,2026-04-25T17:36:00,2026-04-27T11:36:00,BigQuery,Duplicate Records,High,FAC-009,MTR-045,Field Ops,Closed,Dashboard value mismatch,Measurement Approval,Reviewed mapping and confirmed correction,BATCH-20260425-17,ZERO_VOLUME
TCK-000018,2026-05-06T09:53:00,2026-05-08T12:53:00,FlowCalSim,Failed Pipeline Job,High,FAC-002,MTR-006,Operations,Closed,Report output delayed,Source Data,Closed after successful rerun,BATCH-20260506-09,DUPLICATE_READING
TCK-000019,2026-04-02T06:22:00,2026-04-06T05:22:00,MeterFlow IQ,Incorrect Facility Mapping,Medium,FAC-022,MTR-108,Commercial,Closed,User unable to validate volume,User Workflow,Validated source-to-target counts,BATCH-20260402-06,DUPLICATE_READING
TCK-000020,2026-04-25T05:34:00,2026-04-27T00:34:00,Streamlit,Late Data Arrival,Medium,FAC-015,MTR-072,BI Reporting,Resolved,Pipeline health alert,Polling Platform,Waiting on source system refresh,BATCH-20260425-05,LATE_ARRIVAL
TCK-000021,2026-04-10T11:33:00,2026-04-12T01:33:00,MeterFlow IQ,Polling Outage,Medium,FAC-023,MTR-115,Application Support,Closed,Potential measurement close impact,Access / Security,Reviewed mapping and confirmed correction,BATCH-20260410-11,DUPLICATE_READING
TCK-000022,2026-05-04T06:06:00,,Streamlit,BI Report Mismatch,Medium,FAC-018,MTR-086,Commercial,Investigating,Dashboard value mismatch,User Workflow,Documented workaround and escalation path,BATCH-20260504-06,DUPLICATE_READING
TCK-000023,2026-05-13T11:26:00,,Snowflake,Missing Measurement Data,Medium,FAC-023,MTR-111,Operations,Waiting on Source Team,Pipeline health alert,Reference Data,Waiting on source system refresh,BATCH-20260513-11,PIPELINE_FAILED
TCK-000024,2026-05-02T10:38:00,2026-05-03T21:38:00,FlowCalSim,BI Report Mismatch,High,FAC-014,MTR-069,Field Ops,Closed,Pipeline health alert,Source Data,Waiting on source system refresh,BATCH-20260502-10,DUPLICATE_READING
TCK-000025,2026-04-01T00:23:00,2026-04-03T12:23:00,BigQuery,User Access Issue,Critical,FAC-025,MTR-122,Measurement,Resolved,Report output delayed,Source Data,Validated source-to-target counts,BATCH-20260401-00,PIPELINE_FAILED
TCK-000026,2026-05-18T22:41:00,2026-05-20T19:41:00,Streamlit,User Access Issue,Low,FAC-012,MTR-060,Field Ops,Resolved,User unable to validate volume,Source Data,Closed after successful rerun,BATCH-20260518-22,PIPELINE_FAILED
TCK-000027,2026-05-10T05:30:00,2026-05-12T02:30:00,Azure SQL,Missing Measurement Data,Low,FAC-023,MTR-115,Measurement,Closed,User unable to validate volume,Reference Data,Validated source-to-target counts,BATCH-20260510-05,
TCK-000028,2026-05-22T15:41:00,,Streamlit,User Access Issue,Medium,FAC-009,MTR-043,Measurement,New,Dashboard value mismatch,Polling Platform,Validated source-to-target counts,BATCH-20260522-15,
TCK-000029,2026-04-21T07:52:00,2026-04-24T13:52:00,BigQuery,FlowCal Exception,Low,FAC-010,MTR-049,Operations,Closed,Report output delayed,Source Data,Documented workaround and escalation path,BATCH-20260421-07,DUPLICATE_READING
TCK-000030,2026-04-20T08:43:00,,BigQuery,User Access Issue,High,FAC-017,MTR-082,Measurement,Waiting on Source Team,User unable to validate volume,Measurement Approval,Documented workaround and escalation path,BATCH-20260420-08,MISSING_ASSET
TCK-000031,2026-04-01T05:14:00,2026-04-01T16:14:00,Snowflake,BI Report Mismatch,Medium,FAC-019,MTR-091,Operations,Resolved,Pipeline health alert,Access / Security,Documented workaround and escalation path,BATCH-20260401-05,DUPLICATE_READING
TCK-000032,2026-05-03T16:14:00,,SimulatedSCADA,BI Report Mismatch,Critical,FAC-013,MTR-062,Operations,Investigating,Dashboard value mismatch,Access / Security,Closed after successful rerun,BATCH-20260503-16,LATE_ARRIVAL
TCK-000033,2026-04-29T02:21:00,2026-04-30T08:21:00,MeterFlow IQ,FlowCal Exception,Critical,FAC-013,MTR-063,Commercial,Resolved,Potential measurement close impact,Reference Data,Validated source-to-target counts,BATCH-20260429-02,DUPLICATE_READING
TCK-000034,2026-05-27T03:49:00,2026-05-29T14:49:00,Azure SQL,Duplicate Records,High,FAC-001,MTR-001,Operations,Closed,Report output delayed,Source Data,Documented workaround and escalation path,BATCH-20260527-03,MISSING_ASSET
TCK-000035,2026-04-24T01:02:00,2026-04-25T00:02:00,Snowflake,Late Data Arrival,Medium,FAC-023,MTR-113,Field Ops,Resolved,User unable to validate volume,Reference Data,Documented workaround and escalation path,BATCH-20260424-01,STALE_READING
TCK-000036,2026-04-26T23:08:00,2026-04-27T15:08:00,MeterFlow IQ,Incorrect Facility Mapping,Medium,FAC-025,MTR-122,Application Support,Closed,Dashboard value mismatch,Source Data,Documented workaround and escalation path,BATCH-20260426-23,
TCK-000037,2026-05-24T12:23:00,2026-05-27T02:23:00,SimulatedSCADA,Missing Measurement Data,Low,FAC-002,MTR-008,Field Ops,Resolved,Potential measurement close impact,Reference Data,Validated source-to-target counts,BATCH-20260524-12,PIPELINE_FAILED
TCK-000038,2026-05-22T11:01:00,2026-05-24T19:01:00,Azure SQL,Missing Measurement Data,Medium,FAC-008,MTR-036,Measurement,Closed,User unable to validate volume,Report Logic,Waiting on source system refresh,BATCH-20260522-11,MISSING_ASSET
TCK-000039,2026-04-03T03:02:00,2026-04-04T19:02:00,Azure SQL,Invalid Quality Code,High,FAC-004,MTR-019,Commercial,Resolved,Pipeline health alert,Reference Data,Documented workaround and escalation path,BATCH-20260403-03,DUPLICATE_READING
TCK-000040,2026-05-10T20:18:00,2026-05-12T12:18:00,FlowCalSim,Failed Pipeline Job,High,FAC-007,MTR-035,Operations,Resolved,Pipeline health alert,Access / Security,Documented workaround and escalation path,BATCH-20260510-20,ZERO_VOLUME
TCK-000041,2026-04-28T10:42:00,2026-05-01T21:42:00,SimulatedSCADA,Incorrect Facility Mapping,Critical,FAC-011,MTR-053,Application Support,Resolved,Report output delayed,ETL / Pipeline,Waiting on source system refresh,BATCH-20260428-10,
TCK-000042,2026-04-05T13:01:00,2026-04-06T06:01:00,Azure SQL,Incorrect Facility Mapping,Critical,FAC-006,MTR-030,Application Support,Closed,Dashboard value mismatch,Access / Security,Validated source-to-target counts,BATCH-20260405-13,ZERO_VOLUME
TCK-000043,2026-04-27T08:02:00,2026-04-28T02:02:00,Streamlit,Invalid Quality Code,High,FAC-021,MTR-104,Measurement,Resolved,Report output delayed,Access / Security,Waiting on source system refresh,BATCH-20260427-08,STALE_READING
TCK-000044,2026-05-29T15:07:00,2026-05-30T22:07:00,Streamlit,BI Report Mismatch,Low,FAC-022,MTR-110,BI Reporting,Resolved,Dashboard value mismatch,User Workflow,Validated source-to-target counts,BATCH-20260529-15,LATE_ARRIVAL
TCK-000045,2026-05-09T06:00:00,2026-05-11T08:00:00,SimulatedSCADA,BI Report Mismatch,Medium,FAC-011,MTR-055,Operations,Closed,Dashboard value mismatch,Polling Platform,Reviewed mapping and confirmed correction,BATCH-20260509-06,
TCK-000046,2026-04-09T17:24:00,,Azure SQL,Late Data Arrival,Critical,FAC-005,MTR-021,Measurement,Investigating,Report output delayed,Measurement Approval,Reviewed mapping and confirmed correction,BATCH-20260409-17,ZERO_VOLUME
TCK-000047,2026-04-07T13:45:00,2026-04-10T02:45:00,Azure SQL,FlowCal Exception,Medium,FAC-009,MTR-045,Operations,Resolved,Pipeline health alert,Polling Platform,Documented workaround and escalation path,BATCH-20260407-13,LATE_ARRIVAL
TCK-000048,2026-04-05T09:18:00,,Snowflake,Incorrect Facility Mapping,Critical,FAC-020,MTR-099,Field Ops,New,User unable to validate volume,Measurement Approval,Reviewed mapping and confirmed correction,BATCH-20260405-09,NULL_VOLUME
TCK-000049,2026-05-05T16:00:00,2026-05-06T03:00:00,FlowCalSim,Polling Outage,Medium,FAC-021,MTR-104,Field Ops,Closed,Dashboard value mismatch,Measurement Approval,Documented workaround and escalation path,BATCH-20260505-16,STALE_READING
TCK-000050,2026-04-05T06:57:00,2026-04-09T03:57:00,FlowCalSim,Failed Pipeline Job,Medium,FAC-010,MTR-049,Measurement,Closed,Potential measurement close impact,Source Data,Waiting on source system refresh,BATCH-20260405-06,DUPLICATE_READING
TCK-000051,2026-05-21T07:08:00,2026-05-21T22:08:00,BigQuery,BI Report Mismatch,High,FAC-025,MTR-122,Application Support,Resolved,User unable to validate volume,Reference Data,Validated source-to-target counts,BATCH-20260521-07,STALE_READING
TCK-000052,2026-05-17T21:38:00,2026-05-18T21:38:00,SimulatedSCADA,BI Report Mismatch,Low,FAC-012,MTR-058,Operations,Resolved,Dashboard value mismatch,Measurement Approval,Waiting on source system refresh,BATCH-20260517-21,DUPLICATE_READING
TCK-000053,2026-05-15T03:34:00,2026-05-18T23:34:00,Streamlit,Polling Outage,Low,FAC-015,MTR-075,Commercial,Closed,Dashboard value mismatch,Polling Platform,Validated source-to-target counts,BATCH-20260515-03,LATE_ARRIVAL
TCK-000054,2026-05-21T07:00:00,2026-05-25T05:00:00,Azure SQL,User Access Issue,High,FAC-015,MTR-072,BI Reporting,Resolved,Report output delayed,Measurement Approval,Waiting on source system refresh,BATCH-20260521-07,LATE_ARRIVAL
TCK-000055,2026-05-03T20:00:00,2026-05-06T05:00:00,BigQuery,User Access Issue,Low,FAC-021,MTR-101,Measurement,Closed,User unable to validate volume,Polling Platform,Waiting on source system refresh,BATCH-20260503-20,PIPELINE_FAILED
TCK-000056,2026-04-01T08:56:00,2026-04-04T20:56:00,BigQuery,Failed Pipeline Job,High,FAC-020,MTR-098,Commercial,Closed,Pipeline health alert,User Workflow,Waiting on source system refresh,BATCH-20260401-08,LATE_ARRIVAL
TCK-000057,2026-04-05T19:17:00,2026-04-06T19:17:00,Streamlit,Duplicate Records,Low,FAC-023,MTR-113,Operations,Closed,Pipeline health alert,User Workflow,Validated source-to-target counts,BATCH-20260405-19,
TCK-000058,2026-04-22T20:54:00,2026-04-26T02:54:00,Streamlit,Incorrect Facility Mapping,High,FAC-011,MTR-055,BI Reporting,Resolved,Dashboard value mismatch,Polling Platform,Validated source-to-target counts,BATCH-20260422-20,MISSING_ASSET
TCK-000059,2026-04-26T05:36:00,2026-04-28T03:36:00,FlowCalSim,FlowCal Exception,Medium,FAC-015,MTR-075,BI Reporting,Resolved,Dashboard value mismatch,Source Data,Waiting on source system refresh,BATCH-20260426-05,LATE_ARRIVAL
TCK-000060,2026-05-07T04:49:00,2026-05-10T03:49:00,FlowCalSim,Polling Outage,Critical,FAC-013,MTR-063,Measurement,Resolved,User unable to validate volume,Polling Platform,Reviewed mapping and confirmed correction,BATCH-20260507-04,DUPLICATE_READING
TCK-000061,2026-04-12T13:02:00,2026-04-16T08:02:00,Streamlit,Incorrect Facility Mapping,Medium,FAC-024,MTR-116,BI Reporting,Resolved,Dashboard value mismatch,User Workflow,Documented workaround and escalation path,BATCH-20260412-13,STALE_READING
TCK-000062,2026-05-30T20:40:00,2026-06-02T14:40:00,Snowflake,Duplicate Records,High,FAC-014,MTR-067,Operations,Resolved,Dashboard value mismatch,User Workflow,Reviewed mapping and confirmed correction,BATCH-20260530-20,LATE_ARRIVAL
TCK-000063,2026-04-14T07:15:00,2026-04-18T04:15:00,SimulatedSCADA,Missing Measurement Data,Medium,FAC-002,MTR-006,Application Support,Resolved,Pipeline health alert,Measurement Approval,Reviewed mapping and confirmed correction,BATCH-20260414-07,MISSING_ASSET
TCK-000064,2026-05-27T22:49:00,2026-05-28T14:49:00,BigQuery,Polling Outage,Critical,FAC-024,MTR-119,Commercial,Closed,Potential measurement close impact,Polling Platform,Waiting on source system refresh,BATCH-20260527-22,ZERO_VOLUME
TCK-000065,2026-05-20T05:41:00,2026-05-21T04:41:00,Streamlit,Invalid Quality Code,Low,FAC-022,MTR-110,Measurement,Closed,User unable to validate volume,ETL / Pipeline,Reviewed mapping and confirmed correction,BATCH-20260520-05,NULL_VOLUME
TCK-000066,2026-05-11T14:33:00,2026-05-13T16:33:00,Streamlit,FlowCal Exception,Medium,FAC-011,MTR-054,Operations,Closed,Pipeline health alert,User Workflow,Closed after successful rerun,BATCH-20260511-14,MISSING_ASSET
TCK-000067,2026-04-15T09:42:00,,SimulatedSCADA,Duplicate Records,Medium,FAC-023,MTR-115,Application Support,New,Pipeline health alert,ETL / Pipeline,Reviewed mapping and confirmed correction,BATCH-20260415-09,PIPELINE_FAILED
TCK-000068,2026-05-24T09:25:00,,SimulatedSCADA,Polling Outage,High,FAC-025,MTR-123,Measurement,Investigating,User unable to validate volume,Report Logic,Documented workaround and escalation path,BATCH-20260524-09,MISSING_ASSET
TCK-000069,2026-04-23T21:47:00,,Snowflake,Failed Pipeline Job,Medium,FAC-006,MTR-027,BI Reporting,Waiting on Source Team,Dashboard value mismatch,Report Logic,Waiting on source system refresh,BATCH-20260423-21,DUPLICATE_READING
TCK-000070,2026-05-16T20:18:00,2026-05-17T16:18:00,BigQuery,Missing Measurement Data,Medium,FAC-005,MTR-023,Field Ops,Resolved,User unable to validate volume,Access / Security,Documented workaround and escalation path,BATCH-20260516-20,PIPELINE_FAILED
TCK-000071,2026-05-18T12:45:00,2026-05-21T09:45:00,Streamlit,BI Report Mismatch,Medium,FAC-008,MTR-040,Commercial,Resolved,Potential measurement close impact,Access / Security,Validated source-to-target counts,BATCH-20260518-12,STALE_READING
TCK-000072,2026-04-15T12:26:00,2026-04-18T17:26:00,BigQuery,Incorrect Facility Mapping,Low,FAC-009,MTR-043,Field Ops,Resolved,User unable to validate volume,Source Data,Documented workaround and escalation path,BATCH-20260415-12,
TCK-000073,2026-04-28T06:56:00,2026-04-29T15:56:00,MeterFlow IQ,User Access Issue,High,FAC-010,MTR-048,Application Support,Resolved,User unable to validate volume,ETL / Pipeline,Validated source-to-target counts,BATCH-20260428-06,LATE_ARRIVAL
TCK-000074,2026-05-29T09:21:00,2026-05-31T09:21:00,BigQuery,Duplicate Records,Medium,FAC-007,MTR-033,Field Ops,Resolved,Dashboard value mismatch,Source Data,Waiting on source system refresh,BATCH-20260529-09,ZERO_VOLUME
TCK-000075,2026-05-05T20:32:00,,SimulatedSCADA,Duplicate Records,Low,FAC-007,MTR-031,Measurement,Investigating,Potential measurement close impact,ETL / Pipeline,Closed after successful rerun,BATCH-20260505-20,NULL_VOLUME
TCK-000076,2026-05-25T00:17:00,,Streamlit,Missing Measurement Data,Medium,FAC-024,MTR-117,Application Support,Investigating,Pipeline health alert,Measurement Approval,Waiting on source system refresh,BATCH-20260525-00,LATE_ARRIVAL
TCK-000077,2026-04-07T23:18:00,2026-04-11T20:18:00,BigQuery,Failed Pipeline Job,High,FAC-020,MTR-096,Field Ops,Resolved,Dashboard value mismatch,Polling Platform,Documented workaround and escalation path,BATCH-20260407-23,
TCK-000078,2026-05-20T22:41:00,2026-05-24T01:41:00,BigQuery,Late Data Arrival,High,FAC-009,MTR-042,Measurement,Resolved,Dashboard value mismatch,User Workflow,Documented workaround and escalation path,BATCH-20260520-22,STALE_READING
TCK-000079,2026-04-21T20:50:00,,MeterFlow IQ,Duplicate Records,Low,FAC-024,MTR-120,Commercial,Waiting on Source Team,Report output delayed,Reference Data,Validated source-to-target counts,BATCH-20260421-20,
TCK-000080,2026-05-06T07:32:00,,SimulatedSCADA,Duplicate Records,High,FAC-017,MTR-084,Measurement,Investigating,Pipeline health alert,Report Logic,Validated source-to-target counts,BATCH-20260506-07,
TCK-000081,2026-04-27T18:36:00,2026-04-28T06:36:00,BigQuery,Late Data Arrival,Critical,FAC-017,MTR-082,Field Ops,Resolved,Dashboard value mismatch,Access / Security,Validated source-to-target counts,BATCH-20260427-18,PIPELINE_FAILED
TCK-000082,2026-04-07T22:14:00,2026-04-10T05:14:00,Azure SQL,Failed Pipeline Job,Medium,FAC-022,MTR-108,Operations,Resolved,Pipeline health alert,User Workflow,Closed after successful rerun,BATCH-20260407-22,DUPLICATE_READING
TCK-000083,2026-05-28T01:13:00,2026-05-29T18:13:00,Azure SQL,Invalid Quality Code,Low,FAC-013,MTR-065,BI Reporting,Resolved,Potential measurement close impact,Reference Data,Closed after successful rerun,BATCH-20260528-01,PIPELINE_FAILED
TCK-000084,2026-05-05T15:22:00,2026-05-06T19:22:00,Snowflake,BI Report Mismatch,Medium,FAC-023,MTR-114,Application Support,Closed,User unable to validate volume,ETL / Pipeline,Documented workaround and escalation path,BATCH-20260505-15,DUPLICATE_READING
TCK-000085,2026-05-01T06:01:00,2026-05-04T18:01:00,Azure SQL,Late Data Arrival,High,FAC-012,MTR-056,Application Support,Closed,Potential measurement close impact,ETL / Pipeline,Validated source-to-target counts,BATCH-20260501-06,STALE_READING
TCK-000086,2026-05-08T12:03:00,2026-05-11T04:03:00,Snowflake,Incorrect Facility Mapping,Low,FAC-008,MTR-038,Application Support,Resolved,Dashboard value mismatch,Source Data,Validated source-to-target counts,BATCH-20260508-12,LATE_ARRIVAL
TCK-000087,2026-05-02T01:56:00,,MeterFlow IQ,Duplicate Records,Medium,FAC-017,MTR-085,Measurement,New,Dashboard value mismatch,Reference Data,Documented workaround and escalation path,BATCH-20260502-01,ZERO_VOLUME
TCK-000088,2026-04-21T01:06:00,,SimulatedSCADA,FlowCal Exception,Critical,FAC-019,MTR-093,Measurement,Investigating,Dashboard value mismatch,User Workflow,Documented workaround and escalation path,BATCH-20260421-01,NULL_VOLUME
TCK-000089,2026-04-07T13:34:00,2026-04-10T13:34:00,Snowflake,User Access Issue,Medium,FAC-010,MTR-049,Measurement,Resolved,User unable to validate volume,Source Data,Closed after successful rerun,BATCH-20260407-13,DUPLICATE_READING
TCK-000090,2026-05-03T06:59:00,2026-05-03T10:59:00,FlowCalSim,Failed Pipeline Job,High,FAC-002,MTR-008,Field Ops,Closed,Potential measurement close impact,Measurement Approval,Validated source-to-target counts,BATCH-20260503-06,ZERO_VOLUME
TCK-000091,2026-04-01T01:49:00,,SimulatedSCADA,Late Data Arrival,Medium,FAC-003,MTR-013,Application Support,Investigating,Dashboard value mismatch,Access / Security,Reviewed mapping and confirmed correction,BATCH-20260401-01,ZERO_VOLUME
TCK-000092,2026-05-27T22:02:00,2026-05-31T04:02:00,MeterFlow IQ,Invalid Quality Code,High,FAC-001,MTR-003,Measurement,Closed,Dashboard value mismatch,Access / Security,Documented workaround and escalation path,BATCH-20260527-22,MISSING_ASSET
TCK-000093,2026-04-19T07:40:00,,MeterFlow IQ,Duplicate Records,High,FAC-023,MTR-112,Application Support,Investigating,User unable to validate volume,ETL / Pipeline,Validated source-to-target counts,BATCH-20260419-07,ZERO_VOLUME
TCK-000094,2026-05-20T18:59:00,2026-05-23T03:59:00,FlowCalSim,BI Report Mismatch,Medium,FAC-002,MTR-007,Application Support,Closed,User unable to validate volume,Polling Platform,Reviewed mapping and confirmed correction,BATCH-20260520-18,MISSING_ASSET
TCK-000095,2026-04-04T10:34:00,2026-04-05T22:34:00,Snowflake,Invalid Quality Code,Medium,FAC-022,MTR-110,Operations,Closed,User unable to validate volume,Access / Security,Documented workaround and escalation path,BATCH-20260404-10,
TCK-000096,2026-04-11T00:30:00,2026-04-13T07:30:00,SimulatedSCADA,Incorrect Facility Mapping,Medium,FAC-014,MTR-070,Commercial,Closed,Potential measurement close impact,Source Data,Waiting on source system refresh,BATCH-20260411-00,ZERO_VOLUME
TCK-000097,2026-05-15T03:29:00,2026-05-18T13:29:00,MeterFlow IQ,Invalid Quality Code,Medium,FAC-022,MTR-106,Field Ops,Resolved,Report output delayed,User Workflow,Documented workaround and escalation path,BATCH-20260515-03,NULL_VOLUME
TCK-000098,2026-04-19T06:50:00,2026-04-21T06:50:00,MeterFlow IQ,Duplicate Records,High,FAC-023,MTR-112,Application Support,Closed,Pipeline health alert,Source Data,Reviewed mapping and confirmed correction,BATCH-20260419-06,PIPELINE_FAILED
TCK-000099,2026-05-27T02:07:00,2026-05-29T21:07:00,SimulatedSCADA,Duplicate Records,High,FAC-011,MTR-055,BI Reporting,Closed,Potential measurement close impact,Polling Platform,Reviewed mapping and confirmed correction,BATCH-20260527-02,
TCK-000100,2026-04-16T09:19:00,2026-04-19T01:19:00,Streamlit,Missing Measurement Data,Low,FAC-017,MTR-081,Measurement,Resolved,Pipeline health alert,Access / Security,Waiting on source system refresh,BATCH-20260416-09,STALE_READING
TCK-000101,2026-04-15T04:30:00,,Streamlit,BI Report Mismatch,Medium,FAC-007,MTR-035,Measurement,New,Report output delayed,Access / Security,Reviewed mapping and confirmed correction,BATCH-20260415-04,STALE_READING
TCK-000102,2026-04-11T20:29:00,,MeterFlow IQ,BI Report Mismatch,Medium,FAC-025,MTR-123,Operations,Waiting on Source Team,Pipeline health alert,Polling Platform,Validated source-to-target counts,BATCH-20260411-20,ZERO_VOLUME
TCK-000103,2026-05-11T02:51:00,,Snowflake,FlowCal Exception,Low,FAC-002,MTR-006,Operations,New,Potential measurement close impact,User Workflow,Waiting on source system refresh,BATCH-20260511-02,NULL_VOLUME
TCK-000104,2026-04-27T05:04:00,2026-04-29T00:04:00,Streamlit,Late Data Arrival,Medium,FAC-011,MTR-054,Measurement,Resolved,Pipeline health alert,ETL / Pipeline,Reviewed mapping and confirmed correction,BATCH-20260427-05,PIPELINE_FAILED
TCK-000105,2026-05-16T10:47:00,,Azure SQL,Incorrect Facility Mapping,Medium,FAC-007,MTR-033,Application Support,Waiting on Source Team,User unable to validate volume,Polling Platform,Waiting on source system refresh,BATCH-20260516-10,
TCK-000106,2026-05-23T06:23:00,,MeterFlow IQ,Polling Outage,Critical,FAC-010,MTR-049,Field Ops,New,User unable to validate volume,Measurement Approval,Waiting on source system refresh,BATCH-20260523-06,NULL_VOLUME
TCK-000107,2026-05-15T00:59:00,2026-05-17T08:59:00,MeterFlow IQ,Incorrect Facility Mapping,High,FAC-009,MTR-045,BI Reporting,Resolved,Report output delayed,User Workflow,Reviewed mapping and confirmed correction,BATCH-20260515-00,DUPLICATE_READING
TCK-000108,2026-04-26T13:02:00,2026-04-30T12:02:00,MeterFlow IQ,FlowCal Exception,High,FAC-012,MTR-057,BI Reporting,Resolved,User unable to validate volume,Report Logic,Documented workaround and escalation path,BATCH-20260426-13,ZERO_VOLUME
TCK-000109,2026-04-21T13:32:00,2026-04-24T05:32:00,Snowflake,Polling Outage,Medium,FAC-020,MTR-098,BI Reporting,Closed,Potential measurement close impact,Report Logic,Reviewed mapping and confirmed correction,BATCH-20260421-13,
TCK-000110,2026-04-30T09:36:00,2026-05-01T04:36:00,MeterFlow IQ,Failed Pipeline Job,Critical,FAC-013,MTR-064,Application Support,Closed,Potential measurement close impact,Source Data,Validated source-to-target counts,BATCH-20260430-09,STALE_READING
TCK-000111,2026-05-15T00:30:00,2026-05-15T02:30:00,FlowCalSim,Polling Outage,Medium,FAC-023,MTR-114,Measurement,Closed,Pipeline health alert,Measurement Approval,Documented workaround and escalation path,BATCH-20260515-00,NULL_VOLUME
TCK-000112,2026-04-13T02:20:00,2026-04-16T03:20:00,BigQuery,Duplicate Records,Low,FAC-022,MTR-107,BI Reporting,Closed,Potential measurement close impact,Source Data,Waiting on source system refresh,BATCH-20260413-02,
TCK-000113,2026-05-30T01:58:00,,MeterFlow IQ,Invalid Quality Code,High,FAC-006,MTR-030,BI Reporting,New,User unable to validate volume,Report Logic,Documented workaround and escalation path,BATCH-20260530-01,NULL_VOLUME
TCK-000114,2026-04-14T06:51:00,,Snowflake,Polling Outage,Medium,FAC-004,MTR-019,Field Ops,New,Dashboard value mismatch,Measurement Approval,Documented workaround and escalation path,BATCH-20260414-06,LATE_ARRIVAL
TCK-000115,2026-05-02T03:42:00,,SimulatedSCADA,Missing Measurement Data,Low,FAC-016,MTR-076,Field Ops,Investigating,User unable to validate volume,ETL / Pipeline,Validated source-to-target counts,BATCH-20260502-03,DUPLICATE_READING
TCK-000116,2026-05-30T16:16:00,2026-06-01T05:16:00,Azure SQL,BI Report Mismatch,Medium,FAC-024,MTR-116,Application Support,Closed,Dashboard value mismatch,ETL / Pipeline,Documented workaround and escalation path,BATCH-20260530-16,
TCK-000117,2026-05-27T09:28:00,2026-05-30T17:28:00,MeterFlow IQ,Polling Outage,Medium,FAC-012,MTR-060,Measurement,Closed,Dashboard value mismatch,Measurement Approval,Validated source-to-target counts,BATCH-20260527-09,
TCK-000118,2026-05-13T12:19:00,2026-05-15T10:19:00,Azure SQL,Incorrect Facility Mapping,Low,FAC-019,MTR-094,Measurement,Closed,Report output delayed,Access / Security,Reviewed mapping and confirmed correction,BATCH-20260513-12,DUPLICATE_READING
TCK-000119,2026-05-17T16:43:00,,MeterFlow IQ,Late Data Arrival,Medium,FAC-008,MTR-040,Application Support,Investigating,Report output delayed,Report Logic,Closed after successful rerun,BATCH-20260517-16,STALE_READING
TCK-000120,2026-05-28T10:23:00,,BigQuery,Invalid Quality Code,High,FAC-020,MTR-098,BI Reporting,New,Pipeline health alert,Report Logic,Documented workaround and escalation path,BATCH-20260528-10,LATE_ARRIVAL
TCK-000121,2026-04-17T23:40:00,2026-04-21T04:40:00,BigQuery,Missing Measurement Data,High,FAC-020,MTR-099,Commercial,Resolved,Pipeline health alert,Measurement Approval,Reviewed mapping and confirmed correction,BATCH-20260417-23,MISSING_ASSET
TCK-000122,2026-05-01T21:39:00,2026-05-03T10:39:00,Streamlit,Duplicate Records,Medium,FAC-009,MTR-041,BI Reporting,Closed,User unable to validate volume,User Workflow,Waiting on source system refresh,BATCH-20260501-21,LATE_ARRIVAL
TCK-000123,2026-04-04T17:26:00,2026-04-05T11:26:00,SimulatedSCADA,User Access Issue,Low,FAC-003,MTR-011,Application Support,Resolved,Report output delayed,Report Logic,Waiting on source system refresh,BATCH-20260404-17,ZERO_VOLUME
TCK-000124,2026-05-19T14:05:00,2026-05-20T23:05:00,SimulatedSCADA,Invalid Quality Code,Low,FAC-025,MTR-124,BI Reporting,Closed,Pipeline health alert,ETL / Pipeline,Documented workaround and escalation path,BATCH-20260519-14,MISSING_ASSET
TCK-000125,2026-04-10T07:29:00,2026-04-10T17:29:00,BigQuery,User Access Issue,Medium,FAC-008,MTR-038,Operations,Resolved,Pipeline health alert,User Workflow,Reviewed mapping and confirmed correction,BATCH-20260410-07,ZERO_VOLUME
TCK-000126,2026-05-25T23:24:00,,Snowflake,User Access Issue,Medium,FAC-009,MTR-043,Measurement,Waiting on Source Team,User unable to validate volume,Source Data,Validated source-to-target counts,BATCH-20260525-23,NULL_VOLUME
TCK-000127,2026-05-16T09:34:00,2026-05-19T12:34:00,MeterFlow IQ,Duplicate Records,Medium,FAC-019,MTR-095,Commercial,Closed,Dashboard value mismatch,User Workflow,Closed after successful rerun,BATCH-20260516-09,MISSING_ASSET
TCK-000128,2026-04-07T03:31:00,,Streamlit,User Access Issue,Medium,FAC-010,MTR-050,BI Reporting,Investigating,User unable to validate volume,Polling Platform,Validated source-to-target counts,BATCH-20260407-03,ZERO_VOLUME
TCK-000129,2026-05-09T06:17:00,2026-05-10T13:17:00,SimulatedSCADA,Duplicate Records,High,FAC-016,MTR-080,Measurement,Closed,User unable to validate volume,User Workflow,Documented workaround and escalation path,BATCH-20260509-06,PIPELINE_FAILED
TCK-000130,2026-04-08T19:01:00,,Snowflake,Polling Outage,Medium,FAC-003,MTR-012,Commercial,Waiting on Source Team,User unable to validate volume,Source Data,Documented workaround and escalation path,BATCH-20260408-19,PIPELINE_FAILED
TCK-000131,2026-05-24T17:29:00,2026-05-28T04:29:00,FlowCalSim,Late Data Arrival,High,FAC-009,MTR-044,Commercial,Closed,Dashboard value mismatch,Report Logic,Waiting on source system refresh,BATCH-20260524-17,MISSING_ASSET
TCK-000132,2026-05-20T11:47:00,2026-05-24T01:47:00,SimulatedSCADA,User Access Issue,Low,FAC-019,MTR-093,Operations,Closed,Potential measurement close impact,ETL / Pipeline,Reviewed mapping and confirmed correction,BATCH-20260520-11,MISSING_ASSET
TCK-000133,2026-04-14T14:18:00,2026-04-15T15:18:00,Snowflake,Failed Pipeline Job,Critical,FAC-020,MTR-100,Application Support,Resolved,User unable to validate volume,User Workflow,Closed after successful rerun,BATCH-20260414-14,STALE_READING
TCK-000134,2026-04-05T15:41:00,,Streamlit,Incorrect Facility Mapping,Medium,FAC-002,MTR-008,Measurement,Investigating,Dashboard value mismatch,User Workflow,Reviewed mapping and confirmed correction,BATCH-20260405-15,NULL_VOLUME
TCK-000135,2026-05-04T11:17:00,,Azure SQL,Polling Outage,Medium,FAC-003,MTR-011,BI Reporting,Investigating,Dashboard value mismatch,Access / Security,Documented workaround and escalation path,BATCH-20260504-11,
TCK-000136,2026-04-06T09:13:00,,FlowCalSim,Invalid Quality Code,Medium,FAC-025,MTR-123,Measurement,Waiting on Source Team,Report output delayed,Measurement Approval,Closed after successful rerun,BATCH-20260406-09,PIPELINE_FAILED
TCK-000137,2026-04-15T22:06:00,,Snowflake,User Access Issue,Medium,FAC-015,MTR-072,Application Support,Investigating,Pipeline health alert,User Workflow,Closed after successful rerun,BATCH-20260415-22,DUPLICATE_READING
TCK-000138,2026-05-07T08:45:00,2026-05-10T11:45:00,MeterFlow IQ,BI Report Mismatch,Low,FAC-016,MTR-080,Commercial,Resolved,Potential measurement close impact,ETL / Pipeline,Validated source-to-target counts,BATCH-20260507-08,ZERO_VOLUME
TCK-000139,2026-05-04T03:25:00,2026-05-07T03:25:00,FlowCalSim,Polling Outage,Medium,FAC-005,MTR-021,Field Ops,Resolved,Report output delayed,Report Logic,Documented workaround and escalation path,BATCH-20260504-03,NULL_VOLUME
TCK-000140,2026-05-10T18:20:00,2026-05-10T20:20:00,Snowflake,Missing Measurement Data,Medium,FAC-025,MTR-125,Measurement,Closed,Pipeline health alert,Access / Security,Waiting on source system refresh,BATCH-20260510-18,
TCK-000141,2026-05-07T10:59:00,2026-05-09T04:59:00,Azure SQL,FlowCal Exception,Critical,FAC-023,MTR-114,BI Reporting,Resolved,Dashboard value mismatch,Reference Data,Documented workaround and escalation path,BATCH-20260507-10,LATE_ARRIVAL
TCK-000142,2026-04-04T01:33:00,2026-04-05T23:33:00,MeterFlow IQ,Polling Outage,Medium,FAC-015,MTR-072,BI Reporting,Resolved,User unable to validate volume,User Workflow,Documented workaround and escalation path,BATCH-20260404-01,
TCK-000143,2026-05-13T17:42:00,,Snowflake,FlowCal Exception,Low,FAC-017,MTR-081,Commercial,Waiting on Source Team,Report output delayed,Reference Data,Validated source-to-target counts,BATCH-20260513-17,PIPELINE_FAILED
TCK-000144,2026-04-15T09:50:00,2026-04-18T06:50:00,MeterFlow IQ,User Access Issue,Medium,FAC-024,MTR-118,Field Ops,Resolved,Report output delayed,Report Logic,Reviewed mapping and confirmed correction,BATCH-20260415-09,DUPLICATE_READING
TCK-000145,2026-05-17T09:42:00,,Snowflake,BI Report Mismatch,Low,FAC-002,MTR-007,Commercial,Investigating,User unable to validate volume,Polling Platform,Reviewed mapping and confirmed correction,BATCH-20260517-09,MISSING_ASSET
TCK-000146,2026-04-16T05:16:00,2026-04-19T00:16:00,BigQuery,Incorrect Facility Mapping,Critical,FAC-011,MTR-051,Application Support,Closed,User unable to validate volume,User Workflow,Validated source-to-target counts,BATCH-20260416-05,MISSING_ASSET
TCK-000147,2026-05-22T19:30:00,,FlowCalSim,FlowCal Exception,High,FAC-017,MTR-085,BI Reporting,Investigating,Report output delayed,ETL / Pipeline,Waiting on source system refresh,BATCH-20260522-19,LATE_ARRIVAL
TCK-000148,2026-04-23T17:33:00,2026-04-27T14:33:00,Azure SQL,BI Report Mismatch,High,FAC-011,MTR-055,BI Reporting,Resolved,Dashboard value mismatch,Measurement Approval,Reviewed mapping and confirmed correction,BATCH-20260423-17,LATE_ARRIVAL
TCK-000149,2026-04-13T02:19:00,2026-04-16T07:19:00,BigQuery,FlowCal Exception,Medium,FAC-008,MTR-036,Operations,Closed,Potential measurement close impact,Reference Data,Waiting on source system refresh,BATCH-20260413-02,
TCK-000150,2026-05-02T08:55:00,2026-05-05T07:55:00,Streamlit,Polling Outage,Low,FAC-023,MTR-113,Measurement,Closed,User unable to validate volume,User Workflow,Reviewed mapping and confirmed correction,BATCH-20260502-08,MISSING_ASSET
TCK-000151,2026-05-20T06:07:00,,SimulatedSCADA,FlowCal Exception,Critical,FAC-007,MTR-033,Field Ops,Waiting on Source Team,User unable to validate volume,Source Data,Reviewed mapping and confirmed correction,BATCH-20260520-06,MISSING_ASSET
TCK-000152,2026-04-15T04:51:00,2026-04-16T17:51:00,SimulatedSCADA,Missing Measurement Data,High,FAC-001,MTR-001,Field Ops,Resolved,User unable to validate volume,Polling Platform,Reviewed mapping and confirmed correction,BATCH-20260415-04,PIPELINE_FAILED
TCK-000153,2026-05-30T13:36:00,2026-06-02T00:36:00,Snowflake,BI Report Mismatch,Medium,FAC-011,MTR-051,Measurement,Resolved,Pipeline health alert,Access / Security,Documented workaround and escalation path,BATCH-20260530-13,LATE_ARRIVAL
TCK-000154,2026-04-20T12:29:00,2026-04-23T07:29:00,BigQuery,Invalid Quality Code,High,FAC-024,MTR-118,Commercial,Resolved,Report output delayed,Source Data,Waiting on source system refresh,BATCH-20260420-12,PIPELINE_FAILED
TCK-000155,2026-05-09T07:10:00,,Azure SQL,FlowCal Exception,Critical,FAC-023,MTR-112,Application Support,Investigating,Pipeline health alert,Polling Platform,Reviewed mapping and confirmed correction,BATCH-20260509-07,ZERO_VOLUME
TCK-000156,2026-04-26T15:23:00,2026-04-28T06:23:00,BigQuery,FlowCal Exception,Low,FAC-021,MTR-103,BI Reporting,Closed,Report output delayed,Polling Platform,Waiting on source system refresh,BATCH-20260426-15,ZERO_VOLUME
TCK-000157,2026-05-25T07:33:00,2026-05-27T02:33:00,SimulatedSCADA,Duplicate Records,Medium,FAC-013,MTR-061,Field Ops,Closed,User unable to validate volume,Reference Data,Closed after successful rerun,BATCH-20260525-07,DUPLICATE_READING
TCK-000158,2026-05-30T17:40:00,2026-06-02T16:40:00,BigQuery,BI Report Mismatch,High,FAC-004,MTR-018,Field Ops,Resolved,Potential measurement close impact,Access / Security,Waiting on source system refresh,BATCH-20260530-17,NULL_VOLUME
TCK-000159,2026-04-11T23:08:00,2026-04-15T11:08:00,Snowflake,Missing Measurement Data,High,FAC-003,MTR-014,Measurement,Resolved,Report output delayed,ETL / Pipeline,Validated source-to-target counts,BATCH-20260411-23,ZERO_VOLUME
TCK-000160,2026-05-29T11:47:00,2026-05-30T16:47:00,FlowCalSim,Failed Pipeline Job,Low,FAC-002,MTR-007,Measurement,Resolved,Pipeline health alert,Access / Security,Validated source-to-target counts,BATCH-20260529-11,ZERO_VOLUME
TCK-000161,2026-05-11T03:34:00,,MeterFlow IQ,Failed Pipeline Job,Medium,FAC-005,MTR-022,Field Ops,Investigating,Pipeline health alert,User Workflow,Documented workaround and escalation path,BATCH-20260511-03,STALE_READING
TCK-000162,2026-05-26T19:16:00,,FlowCalSim,Invalid Quality Code,Medium,FAC-005,MTR-024,Measurement,New,Report output delayed,Reference Data,Documented workaround and escalation path,BATCH-20260526-19,PIPELINE_FAILED
TCK-000163,2026-04-27T02:35:00,2026-04-28T07:35:00,FlowCalSim,Invalid Quality Code,High,FAC-003,MTR-011,BI Reporting,Closed,Pipeline health alert,Measurement Approval,Waiting on source system refresh,BATCH-20260427-02,MISSING_ASSET
TCK-000164,2026-04-05T12:49:00,2026-04-08T17:49:00,Snowflake,FlowCal Exception,Low,FAC-023,MTR-114,Measurement,Resolved,Pipeline health alert,Access / Security,Documented workaround and escalation path,BATCH-20260405-12,PIPELINE_FAILED
TCK-000165,2026-04-21T23:47:00,,Streamlit,Duplicate Records,Medium,FAC-022,MTR-109,Operations,New,User unable to validate volume,Measurement Approval,Waiting on source system refresh,BATCH-20260421-23,MISSING_ASSET
TCK-000166,2026-04-01T02:07:00,,Snowflake,FlowCal Exception,Medium,FAC-013,MTR-064,Application Support,Investigating,Report output delayed,Polling Platform,Closed after successful rerun,BATCH-20260401-02,DUPLICATE_READING
TCK-000167,2026-05-11T21:51:00,2026-05-13T00:51:00,Streamlit,Duplicate Records,Medium,FAC-010,MTR-046,Commercial,Closed,Pipeline health alert,Reference Data,Validated source-to-target counts,BATCH-20260511-21,PIPELINE_FAILED
TCK-000168,2026-04-03T17:07:00,2026-04-06T10:07:00,Azure SQL,Polling Outage,Critical,FAC-011,MTR-052,Commercial,Resolved,Dashboard value mismatch,Source Data,Documented workaround and escalation path,BATCH-20260403-17,ZERO_VOLUME
TCK-000169,2026-04-14T01:59:00,2026-04-17T01:59:00,Snowflake,Late Data Arrival,Medium,FAC-016,MTR-078,Measurement,Resolved,Report output delayed,Polling Platform,Reviewed mapping and confirmed correction,BATCH-20260414-01,
TCK-000170,2026-05-19T01:20:00,2026-05-21T06:20:00,Streamlit,Duplicate Records,Medium,FAC-022,MTR-107,Measurement,Resolved,Dashboard value mismatch,ETL / Pipeline,Validated source-to-target counts,BATCH-20260519-01,DUPLICATE_READING
TCK-000171,2026-05-16T05:07:00,2026-05-19T16:07:00,Azure SQL,Incorrect Facility Mapping,Low,FAC-016,MTR-077,Application Support,Closed,User unable to validate volume,Measurement Approval,Closed after successful rerun,BATCH-20260516-05,PIPELINE_FAILED
TCK-000172,2026-05-12T20:29:00,,Streamlit,BI Report Mismatch,High,FAC-013,MTR-064,Measurement,Investigating,User unable to validate volume,Measurement Approval,Waiting on source system refresh,BATCH-20260512-20,MISSING_ASSET
TCK-000173,2026-05-27T17:24:00,,Streamlit,BI Report Mismatch,Medium,FAC-009,MTR-043,Operations,Waiting on Source Team,Pipeline health alert,Source Data,Closed after successful rerun,BATCH-20260527-17,LATE_ARRIVAL
TCK-000174,2026-04-10T21:41:00,,Streamlit,Incorrect Facility Mapping,Low,FAC-016,MTR-077,Measurement,Waiting on Source Team,Potential measurement close impact,Reference Data,Closed after successful rerun,BATCH-20260410-21,ZERO_VOLUME
TCK-000175,2026-04-27T17:20:00,,Azure SQL,BI Report Mismatch,Medium,FAC-021,MTR-104,BI Reporting,Waiting on Source Team,Report output delayed,Report Logic,Documented workaround and escalation path,BATCH-20260427-17,DUPLICATE_READING
TCK-000176,2026-04-13T09:32:00,2026-04-15T16:32:00,MeterFlow IQ,User Access Issue,Medium,FAC-018,MTR-088,Operations,Closed,Potential measurement close impact,Polling Platform,Closed after successful rerun,BATCH-20260413-09,MISSING_ASSET
TCK-000177,2026-05-13T04:46:00,2026-05-13T13:46:00,Snowflake,User Access Issue,High,FAC-003,MTR-011,Field Ops,Resolved,Report output delayed,Access / Security,Validated source-to-target counts,BATCH-20260513-04,MISSING_ASSET
TCK-000178,2026-04-24T14:55:00,2026-04-28T03:55:00,Snowflake,Incorrect Facility Mapping,High,FAC-019,MTR-095,BI Reporting,Resolved,User unable to validate volume,Polling Platform,Closed after successful rerun,BATCH-20260424-14,STALE_READING
TCK-000179,2026-04-28T07:07:00,2026-04-29T15:07:00,SimulatedSCADA,User Access Issue,Critical,FAC-010,MTR-047,BI Reporting,Resolved,User unable to validate volume,Measurement Approval,Closed after successful rerun,BATCH-20260428-07,STALE_READING
TCK-000180,2026-04-26T05:01:00,2026-04-29T12:01:00,Streamlit,User Access Issue,High,FAC-013,MTR-064,Commercial,Resolved,Potential measurement close impact,Access / Security,Validated source-to-target counts,BATCH-20260426-05,NULL_VOLUME
TCK-000181,2026-04-02T20:03:00,2026-04-03T23:03:00,Streamlit,Late Data Arrival,Medium,FAC-024,MTR-120,Measurement,Closed,Dashboard value mismatch,Polling Platform,Validated source-to-target counts,BATCH-20260402-20,
TCK-000182,2026-04-02T03:20:00,2026-04-03T07:20:00,SimulatedSCADA,Failed Pipeline Job,Medium,FAC-002,MTR-008,BI Reporting,Closed,Potential measurement close impact,Report Logic,Closed after successful rerun,BATCH-20260402-03,ZERO_VOLUME
TCK-000183,2026-05-07T11:56:00,2026-05-07T20:56:00,Azure SQL,Polling Outage,High,FAC-019,MTR-092,Measurement,Closed,Dashboard value mismatch,Source Data,Closed after successful rerun,BATCH-20260507-11,
TCK-000184,2026-04-19T05:59:00,2026-04-21T23:59:00,BigQuery,Missing Measurement Data,Low,FAC-015,MTR-074,Application Support,Resolved,User unable to validate volume,ETL / Pipeline,Waiting on source system refresh,BATCH-20260419-05,DUPLICATE_READING
TCK-000185,2026-04-12T01:49:00,2026-04-14T03:49:00,MeterFlow IQ,Failed Pipeline Job,Medium,FAC-016,MTR-076,Application Support,Resolved,Pipeline health alert,ETL / Pipeline,Reviewed mapping and confirmed correction,BATCH-20260412-01,ZERO_VOLUME
TCK-000186,2026-04-30T20:20:00,2026-05-03T09:20:00,BigQuery,Duplicate Records,Critical,FAC-019,MTR-092,BI Reporting,Resolved,User unable to validate volume,User Workflow,Validated source-to-target counts,BATCH-20260430-20,DUPLICATE_READING
TCK-000187,2026-04-04T17:30:00,2026-04-07T19:30:00,FlowCalSim,Late Data Arrival,Low,FAC-006,MTR-027,Operations,Closed,Pipeline health alert,Source Data,Waiting on source system refresh,BATCH-20260404-17,STALE_READING
TCK-000188,2026-04-27T07:28:00,2026-04-30T11:28:00,MeterFlow IQ,Incorrect Facility Mapping,Medium,FAC-025,MTR-122,Measurement,Closed,Potential measurement close impact,ETL / Pipeline,Waiting on source system refresh,BATCH-20260427-07,
TCK-000189,2026-04-24T13:01:00,2026-04-26T23:01:00,FlowCalSim,Incorrect Facility Mapping,Low,FAC-011,MTR-055,Commercial,Resolved,Report output delayed,Access / Security,Reviewed mapping and confirmed correction,BATCH-20260424-13,STALE_READING
TCK-000190,2026-05-14T16:38:00,2026-05-15T06:38:00,BigQuery,Invalid Quality Code,High,FAC-024,MTR-119,BI Reporting,Closed,User unable to validate volume,Reference Data,Waiting on source system refresh,BATCH-20260514-16,STALE_READING
TCK-000191,2026-04-11T13:39:00,2026-04-15T03:39:00,MeterFlow IQ,Duplicate Records,Medium,FAC-004,MTR-018,Field Ops,Resolved,User unable to validate volume,User Workflow,Waiting on source system refresh,BATCH-20260411-13,STALE_READING
TCK-000192,2026-05-30T14:21:00,2026-05-31T00:21:00,SimulatedSCADA,Polling Outage,Medium,FAC-014,MTR-067,Operations,Closed,Potential measurement close impact,Measurement Approval,Reviewed mapping and confirmed correction,BATCH-20260530-14,LATE_ARRIVAL
TCK-000193,2026-05-12T18:42:00,2026-05-14T00:42:00,SimulatedSCADA,Incorrect Facility Mapping,Medium,FAC-025,MTR-122,Operations,Closed,User unable to validate volume,Report Logic,Validated source-to-target counts,BATCH-20260512-18,LATE_ARRIVAL
TCK-000194,2026-04-09T07:46:00,2026-04-11T03:46:00,FlowCalSim,FlowCal Exception,Medium,FAC-013,MTR-062,Field Ops,Resolved,Report output delayed,Access / Security,Waiting on source system refresh,BATCH-20260409-07,LATE_ARRIVAL
TCK-000195,2026-05-16T14:47:00,2026-05-20T02:47:00,BigQuery,FlowCal Exception,Critical,FAC-004,MTR-016,Operations,Closed,User unable to validate volume,Measurement Approval,Documented workaround and escalation path,BATCH-20260516-14,STALE_READING
TCK-000196,2026-05-21T10:02:00,,Azure SQL,BI Report Mismatch,High,FAC-009,MTR-043,BI Reporting,Investigating,User unable to validate volume,User Workflow,Reviewed mapping and confirmed correction,BATCH-20260521-10,
TCK-000197,2026-04-14T15:46:00,2026-04-18T08:46:00,Streamlit,FlowCal Exception,High,FAC-025,MTR-122,Operations,Closed,User unable to validate volume,User Workflow,Documented workaround and escalation path,BATCH-20260414-15,STALE_READING
TCK-000198,2026-05-22T13:07:00,2026-05-25T10:07:00,Azure SQL,Invalid Quality Code,Medium,FAC-021,MTR-105,Commercial,Resolved,Dashboard value mismatch,ETL / Pipeline,Documented workaround and escalation path,BATCH-20260522-13,
TCK-000199,2026-04-15T15:08:00,,FlowCalSim,Missing Measurement Data,Medium,FAC-018,MTR-086,Operations,Investigating,Report output delayed,User Workflow,Reviewed mapping and confirmed correction,BATCH-20260415-15,PIPELINE_FAILED
TCK-000200,2026-04-14T06:17:00,2026-04-15T13:17:00,FlowCalSim,Late Data Arrival,High,FAC-023,MTR-114,Application Support,Resolved,Pipeline health alert,Access / Security,Documented workaround and escalation path,BATCH-20260414-06,LATE_ARRIVAL
TCK-000201,2026-05-20T01:12:00,,Snowflake,BI Report Mismatch,Medium,FAC-003,MTR-014,Operations,New,Report output delayed,Reference Data,Reviewed mapping and confirmed correction,BATCH-20260520-01,PIPELINE_FAILED
TCK-000202,2026-04-12T08:50:00,2026-04-15T19:50:00,MeterFlow IQ,User Access Issue,Critical,FAC-017,MTR-085,Measurement,Resolved,Pipeline health alert,Reference Data,Reviewed mapping and confirmed correction,BATCH-20260412-08,PIPELINE_FAILED
TCK-000203,2026-04-30T16:23:00,,Azure SQL,Failed Pipeline Job,Medium,FAC-011,MTR-055,Operations,Investigating,Dashboard value mismatch,ETL / Pipeline,Documented workaround and escalation path,BATCH-20260430-16,DUPLICATE_READING
TCK-000204,2026-05-12T23:27:00,,Snowflake,Invalid Quality Code,High,FAC-005,MTR-023,Measurement,Waiting on Source Team,Dashboard value mismatch,Access / Security,Documented workaround and escalation path,BATCH-20260512-23,STALE_READING
TCK-000205,2026-04-21T20:05:00,2026-04-23T13:05:00,MeterFlow IQ,FlowCal Exception,High,FAC-006,MTR-029,BI Reporting,Closed,Potential measurement close impact,Access / Security,Closed after successful rerun,BATCH-20260421-20,LATE_ARRIVAL
TCK-000206,2026-05-23T19:44:00,2026-05-27T12:44:00,Snowflake,Failed Pipeline Job,High,FAC-021,MTR-103,BI Reporting,Resolved,User unable to validate volume,User Workflow,Validated source-to-target counts,BATCH-20260523-19,STALE_READING
TCK-000207,2026-05-06T12:11:00,2026-05-09T09:11:00,SimulatedSCADA,Missing Measurement Data,High,FAC-015,MTR-075,Field Ops,Closed,Potential measurement close impact,ETL / Pipeline,Waiting on source system refresh,BATCH-20260506-12,LATE_ARRIVAL
TCK-000208,2026-04-09T18:18:00,2026-04-10T13:18:00,BigQuery,Duplicate Records,Low,FAC-016,MTR-077,Measurement,Closed,Dashboard value mismatch,Reference Data,Closed after successful rerun,BATCH-20260409-18,DUPLICATE_READING
TCK-000209,2026-04-04T10:58:00,2026-04-04T23:58:00,Azure SQL,Incorrect Facility Mapping,High,FAC-014,MTR-068,Commercial,Resolved,Potential measurement close impact,User Workflow,Reviewed mapping and confirmed correction,BATCH-20260404-10,
TCK-000210,2026-05-04T19:15:00,2026-05-08T06:15:00,FlowCalSim,User Access Issue,Medium,FAC-018,MTR-090,Measurement,Closed,User unable to validate volume,Report Logic,Reviewed mapping and confirmed correction,BATCH-20260504-19,STALE_READING
TCK-000211,2026-04-01T23:13:00,,Azure SQL,Invalid Quality Code,Medium,FAC-008,MTR-040,Commercial,Investigating,Dashboard value mismatch,Source Data,Reviewed mapping and confirmed correction,BATCH-20260401-23,
TCK-000212,2026-04-04T17:58:00,2026-04-07T13:58:00,Azure SQL,Late Data Arrival,Medium,FAC-004,MTR-019,Field Ops,Closed,Dashboard value mismatch,Measurement Approval,Documented workaround and escalation path,BATCH-20260404-17,NULL_VOLUME
TCK-000213,2026-05-15T03:46:00,2026-05-15T15:46:00,Streamlit,Missing Measurement Data,High,FAC-004,MTR-018,Operations,Resolved,Report output delayed,Reference Data,Validated source-to-target counts,BATCH-20260515-03,
TCK-000214,2026-05-22T07:13:00,2026-05-23T13:13:00,MeterFlow IQ,Polling Outage,High,FAC-024,MTR-120,Measurement,Closed,Report output delayed,Access / Security,Validated source-to-target counts,BATCH-20260522-07,NULL_VOLUME
TCK-000215,2026-04-15T02:27:00,,FlowCalSim,Late Data Arrival,Low,FAC-025,MTR-122,Application Support,New,Report output delayed,Polling Platform,Waiting on source system refresh,BATCH-20260415-02,STALE_READING
TCK-000216,2026-04-13T03:45:00,,Snowflake,Failed Pipeline Job,High,FAC-010,MTR-047,Application Support,Investigating,User unable to validate volume,Access / Security,Documented workaround and escalation path,BATCH-20260413-03,MISSING_ASSET
TCK-000217,2026-04-04T12:04:00,2026-04-06T07:04:00,Azure SQL,Invalid Quality Code,High,FAC-010,MTR-049,Commercial,Closed,Dashboard value mismatch,Report Logic,Closed after successful rerun,BATCH-20260404-12,MISSING_ASSET
TCK-000218,2026-04-28T02:20:00,2026-04-28T10:20:00,MeterFlow IQ,User Access Issue,Medium,FAC-007,MTR-033,Measurement,Closed,Report output delayed,User Workflow,Validated source-to-target counts,BATCH-20260428-02,STALE_READING
TCK-000219,2026-04-11T02:44:00,2026-04-11T23:44:00,Streamlit,Missing Measurement Data,High,FAC-020,MTR-099,Operations,Closed,Dashboard value mismatch,User Workflow,Reviewed mapping and confirmed correction,BATCH-20260411-02,PIPELINE_FAILED
TCK-000220,2026-04-26T02:46:00,,Azure SQL,FlowCal Exception,Critical,FAC-015,MTR-071,Measurement,Waiting on Source Team,Report output delayed,Source Data,Closed after successful rerun,BATCH-20260426-02,STALE_READING
TCK-000221,2026-05-20T13:12:00,,MeterFlow IQ,Invalid Quality Code,High,FAC-002,MTR-010,Measurement,New,Potential measurement close impact,Polling Platform,Documented workaround and escalation path,BATCH-20260520-13,PIPELINE_FAILED
TCK-000222,2026-04-24T06:52:00,2026-04-26T03:52:00,Snowflake,Failed Pipeline Job,High,FAC-005,MTR-023,Commercial,Resolved,User unable to validate volume,Access / Security,Closed after successful rerun,BATCH-20260424-06,ZERO_VOLUME
TCK-000223,2026-04-18T20:55:00,2026-04-21T21:55:00,Streamlit,Failed Pipeline Job,Medium,FAC-013,MTR-063,Operations,Resolved,User unable to validate volume,Access / Security,Closed after successful rerun,BATCH-20260418-20,NULL_VOLUME
TCK-000224,2026-05-05T22:54:00,2026-05-08T17:54:00,Streamlit,Invalid Quality Code,Medium,FAC-016,MTR-076,Operations,Closed,Dashboard value mismatch,Measurement Approval,Closed after successful rerun,BATCH-20260505-22,MISSING_ASSET
TCK-000225,2026-05-06T11:05:00,,MeterFlow IQ,Duplicate Records,Medium,FAC-010,MTR-050,Field Ops,New,Report output delayed,Measurement Approval,Waiting on source system refresh,BATCH-20260506-11,LATE_ARRIVAL
TCK-000226,2026-04-29T16:18:00,2026-04-30T17:18:00,Streamlit,Polling Outage,High,FAC-001,MTR-005,Measurement,Resolved,Dashboard value mismatch,ETL / Pipeline,Documented workaround and escalation path,BATCH-20260429-16,ZERO_VOLUME
TCK-000227,2026-05-17T10:36:00,,FlowCalSim,Missing Measurement Data,Medium,FAC-017,MTR-081,Field Ops,Investigating,Dashboard value mismatch,Source Data,Documented workaround and escalation path,BATCH-20260517-10,NULL_VOLUME
TCK-000228,2026-04-25T12:45:00,2026-04-26T13:45:00,BigQuery,Duplicate Records,Medium,FAC-013,MTR-062,Field Ops,Resolved,Pipeline health alert,Source Data,Validated source-to-target counts,BATCH-20260425-12,
TCK-000229,2026-05-30T11:18:00,2026-05-31T10:18:00,FlowCalSim,Duplicate Records,High,FAC-016,MTR-078,Measurement,Closed,Pipeline health alert,Measurement Approval,Documented workaround and escalation path,BATCH-20260530-11,ZERO_VOLUME
TCK-000230,2026-05-20T06:20:00,2026-05-23T16:20:00,BigQuery,BI Report Mismatch,Medium,FAC-011,MTR-053,Commercial,Resolved,Report output delayed,Measurement Approval,Reviewed mapping and confirmed correction,BATCH-20260520-06,DUPLICATE_READING
TCK-000231,2026-04-15T13:27:00,,FlowCalSim,FlowCal Exception,Medium,FAC-002,MTR-007,Commercial,Investigating,Report output delayed,ETL / Pipeline,Reviewed mapping and confirmed correction,BATCH-20260415-13,MISSING_ASSET
TCK-000232,2026-04-16T14:28:00,2026-04-20T06:28:00,SimulatedSCADA,User Access Issue,Low,FAC-006,MTR-028,Application Support,Resolved,Dashboard value mismatch,Report Logic,Documented workaround and escalation path,BATCH-20260416-14,NULL_VOLUME
TCK-000233,2026-05-19T00:35:00,2026-05-22T13:35:00,SimulatedSCADA,Invalid Quality Code,Medium,FAC-005,MTR-025,Measurement,Resolved,Pipeline health alert,Reference Data,Documented workaround and escalation path,BATCH-20260519-00,NULL_VOLUME
TCK-000234,2026-05-14T08:50:00,2026-05-16T15:50:00,Streamlit,Incorrect Facility Mapping,Low,FAC-009,MTR-041,Operations,Closed,User unable to validate volume,Source Data,Validated source-to-target counts,BATCH-20260514-08,DUPLICATE_READING
TCK-000235,2026-04-16T20:56:00,,MeterFlow IQ,Duplicate Records,Medium,FAC-019,MTR-093,Application Support,Investigating,User unable to validate volume,Polling Platform,Validated source-to-target counts,BATCH-20260416-20,LATE_ARRIVAL
TCK-000236,2026-05-04T11:21:00,,SimulatedSCADA,BI Report Mismatch,Critical,FAC-006,MTR-027,Operations,Investigating,Report output delayed,Polling Platform,Documented workaround and escalation path,BATCH-20260504-11,STALE_READING
TCK-000237,2026-05-28T02:45:00,2026-05-30T01:45:00,SimulatedSCADA,Polling Outage,High,FAC-025,MTR-122,BI Reporting,Closed,Report output delayed,ETL / Pipeline,Validated source-to-target counts,BATCH-20260528-02,NULL_VOLUME
TCK-000238,2026-04-24T11:43:00,2026-04-24T18:43:00,Snowflake,Failed Pipeline Job,Medium,FAC-024,MTR-118,Commercial,Closed,Potential measurement close impact,Measurement Approval,Validated source-to-target counts,BATCH-20260424-11,NULL_VOLUME
TCK-000239,2026-04-02T01:10:00,2026-04-04T23:10:00,BigQuery,Invalid Quality Code,High,FAC-025,MTR-125,Operations,Resolved,Potential measurement close impact,Access / Security,Validated source-to-target counts,BATCH-20260402-01,NULL_VOLUME
TCK-000240,2026-05-26T09:46:00,2026-05-28T11:46:00,Snowflake,Failed Pipeline Job,Medium,FAC-025,MTR-122,Measurement,Closed,User unable to validate volume,ETL / Pipeline,Validated source-to-target counts,BATCH-20260526-09,MISSING_ASSET
TCK-000241,2026-04-29T18:38:00,2026-05-02T06:38:00,Azure SQL,User Access Issue,Medium,FAC-013,MTR-064,Operations,Resolved,Report output delayed,Source Data,Reviewed mapping and confirmed correction,BATCH-20260429-18,ZERO_VOLUME
TCK-000242,2026-04-23T09:59:00,2026-04-23T11:59:00,Azure SQL,FlowCal Exception,Medium,FAC-006,MTR-028,BI Reporting,Resolved,Dashboard value mismatch,Polling Platform,Reviewed mapping and confirmed correction,BATCH-20260423-09,MISSING_ASSET
TCK-000243,2026-04-05T07:26:00,2026-04-09T05:26:00,Azure SQL,Late Data Arrival,Low,FAC-011,MTR-051,Application Support,Resolved,Potential measurement close impact,Source Data,Closed after successful rerun,BATCH-20260405-07,STALE_READING
TCK-000244,2026-05-30T17:20:00,2026-05-31T02:20:00,MeterFlow IQ,Missing Measurement Data,Medium,FAC-008,MTR-036,Field Ops,Closed,Report output delayed,Source Data,Validated source-to-target counts,BATCH-20260530-17,LATE_ARRIVAL
TCK-000245,2026-04-16T14:49:00,2026-04-18T20:49:00,BigQuery,Incorrect Facility Mapping,Low,FAC-023,MTR-111,Measurement,Resolved,Dashboard value mismatch,ETL / Pipeline,Closed after successful rerun,BATCH-20260416-14,LATE_ARRIVAL
TCK-000246,2026-05-11T13:48:00,,BigQuery,Invalid Quality Code,Critical,FAC-001,MTR-004,Commercial,New,Dashboard value mismatch,Measurement Approval,Validated source-to-target counts,BATCH-20260511-13,
TCK-000247,2026-04-25T20:39:00,2026-04-27T21:39:00,FlowCalSim,User Access Issue,Low,FAC-024,MTR-117,Operations,Resolved,User unable to validate volume,Source Data,Closed after successful rerun,BATCH-20260425-20,LATE_ARRIVAL
TCK-000248,2026-04-13T06:30:00,2026-04-13T10:30:00,SimulatedSCADA,BI Report Mismatch,Medium,FAC-025,MTR-122,Commercial,Resolved,Dashboard value mismatch,Source Data,Closed after successful rerun,BATCH-20260413-06,DUPLICATE_READING
TCK-000249,2026-05-28T18:52:00,2026-05-30T07:52:00,MeterFlow IQ,Failed Pipeline Job,Medium,FAC-009,MTR-041,BI Reporting,Resolved,User unable to validate volume,Source Data,Documented workaround and escalation path,BATCH-20260528-18,DUPLICATE_READING
TCK-000250,2026-04-05T01:23:00,,SimulatedSCADA,Polling Outage,Low,FAC-015,MTR-072,Application Support,Investigating,Dashboard value mismatch,ETL / Pipeline,Waiting on source system refresh,BATCH-20260405-01,MISSING_ASSET
TCK-000251,2026-04-28T16:43:00,2026-04-30T17:43:00,Streamlit,Incorrect Facility Mapping,Low,FAC-016,MTR-076,Commercial,Resolved,Dashboard value mismatch,Polling Platform,Closed after successful rerun,BATCH-20260428-16,NULL_VOLUME
TCK-000252,2026-05-19T21:51:00,,Streamlit,BI Report Mismatch,Medium,FAC-009,MTR-042,Operations,New,User unable to validate volume,Measurement Approval,Waiting on source system refresh,BATCH-20260519-21,DUPLICATE_READING
TCK-000253,2026-05-02T02:51:00,2026-05-04T04:51:00,Azure SQL,Missing Measurement Data,Medium,FAC-019,MTR-093,Commercial,Resolved,Dashboard value mismatch,Source Data,Validated source-to-target counts,BATCH-20260502-02,ZERO_VOLUME
TCK-000254,2026-05-20T23:02:00,,Snowflake,Polling Outage,High,FAC-014,MTR-068,BI Reporting,Waiting on Source Team,Dashboard value mismatch,Polling Platform,Reviewed mapping and confirmed correction,BATCH-20260520-23,
TCK-000255,2026-05-27T11:28:00,2026-05-28T02:28:00,Streamlit,Missing Measurement Data,Low,FAC-019,MTR-092,Application Support,Resolved,Dashboard value mismatch,Report Logic,Documented workaround and escalation path,BATCH-20260527-11,ZERO_VOLUME
TCK-000256,2026-04-27T02:03:00,2026-04-27T05:03:00,SimulatedSCADA,BI Report Mismatch,Low,FAC-024,MTR-118,Operations,Resolved,Potential measurement close impact,Access / Security,Closed after successful rerun,BATCH-20260427-02,DUPLICATE_READING
TCK-000257,2026-04-05T07:13:00,,SimulatedSCADA,Polling Outage,Medium,FAC-009,MTR-041,Field Ops,Investigating,Report output delayed,ETL / Pipeline,Waiting on source system refresh,BATCH-20260405-07,
TCK-000258,2026-04-01T01:37:00,2026-04-01T05:37:00,BigQuery,Failed Pipeline Job,Critical,FAC-005,MTR-023,Application Support,Resolved,Pipeline health alert,Report Logic,Documented workaround and escalation path,BATCH-20260401-01,MISSING_ASSET
TCK-000259,2026-04-07T21:42:00,2026-04-11T16:42:00,SimulatedSCADA,Missing Measurement Data,Critical,FAC-021,MTR-102,Application Support,Resolved,Pipeline health alert,Source Data,Closed after successful rerun,BATCH-20260407-21,MISSING_ASSET
TCK-000260,2026-04-13T16:13:00,,Streamlit,FlowCal Exception,Low,FAC-005,MTR-023,BI Reporting,Investigating,Potential measurement close impact,Source Data,Validated source-to-target counts,BATCH-20260413-16,PIPELINE_FAILED
TCK-000261,2026-05-19T18:06:00,2026-05-23T06:06:00,Snowflake,Incorrect Facility Mapping,High,FAC-006,MTR-028,Application Support,Resolved,Potential measurement close impact,User Workflow,Closed after successful rerun,BATCH-20260519-18,MISSING_ASSET
TCK-000262,2026-05-23T04:32:00,2026-05-23T06:32:00,FlowCalSim,Missing Measurement Data,Medium,FAC-025,MTR-123,Field Ops,Closed,User unable to validate volume,ETL / Pipeline,Closed after successful rerun,BATCH-20260523-04,LATE_ARRIVAL
TCK-000263,2026-05-07T10:35:00,2026-05-10T15:35:00,Snowflake,User Access Issue,Critical,FAC-016,MTR-080,BI Reporting,Resolved,Pipeline health alert,ETL / Pipeline,Reviewed mapping and confirmed correction,BATCH-20260507-10,NULL_VOLUME
TCK-000264,2026-04-17T14:18:00,2026-04-21T02:18:00,SimulatedSCADA,Late Data Arrival,Critical,FAC-023,MTR-112,Field Ops,Closed,Potential measurement close impact,User Workflow,Waiting on source system refresh,BATCH-20260417-14,MISSING_ASSET
TCK-000265,2026-05-01T06:02:00,2026-05-04T20:02:00,FlowCalSim,Incorrect Facility Mapping,Medium,FAC-002,MTR-008,BI Reporting,Closed,User unable to validate volume,Source Data,Closed after successful rerun,BATCH-20260501-06,
TCK-000266,2026-05-17T13:35:00,,Azure SQL,Missing Measurement Data,Medium,FAC-021,MTR-105,BI Reporting,Waiting on Source Team,User unable to validate volume,Source Data,Closed after successful rerun,BATCH-20260517-13,ZERO_VOLUME
TCK-000267,2026-05-07T20:24:00,,Streamlit,Late Data Arrival,Medium,FAC-001,MTR-004,Application Support,Investigating,Dashboard value mismatch,Source Data,Waiting on source system refresh,BATCH-20260507-20,DUPLICATE_READING
TCK-000268,2026-04-11T22:41:00,2026-04-13T06:41:00,FlowCalSim,Invalid Quality Code,Low,FAC-015,MTR-072,Measurement,Resolved,User unable to validate volume,Polling Platform,Waiting on source system refresh,BATCH-20260411-22,LATE_ARRIVAL
TCK-000269,2026-05-28T09:15:00,2026-05-28T19:15:00,Snowflake,Duplicate Records,High,FAC-019,MTR-091,Application Support,Resolved,Report output delayed,Source Data,Validated source-to-target counts,BATCH-20260528-09,PIPELINE_FAILED
TCK-000270,2026-04-27T03:48:00,2026-04-28T19:48:00,Azure SQL,Polling Outage,High,FAC-019,MTR-095,BI Reporting,Closed,Potential measurement close impact,Access / Security,Documented workaround and escalation path,BATCH-20260427-03,STALE_READING
TCK-000271,2026-04-02T17:15:00,,MeterFlow IQ,FlowCal Exception,High,FAC-021,MTR-103,Measurement,Investigating,Dashboard value mismatch,Source Data,Reviewed mapping and confirmed correction,BATCH-20260402-17,ZERO_VOLUME
TCK-000272,2026-04-25T02:38:00,2026-04-25T07:38:00,FlowCalSim,FlowCal Exception,High,FAC-017,MTR-084,Commercial,Resolved,Dashboard value mismatch,Report Logic,Documented workaround and escalation path,BATCH-20260425-02,NULL_VOLUME
TCK-000273,2026-05-20T11:53:00,,Azure SQL,FlowCal Exception,Critical,FAC-012,MTR-057,BI Reporting,Investigating,Pipeline health alert,Source Data,Documented workaround and escalation path,BATCH-20260520-11,PIPELINE_FAILED
TCK-000274,2026-05-20T00:45:00,2026-05-23T03:45:00,Azure SQL,Duplicate Records,Medium,FAC-015,MTR-074,Operations,Resolved,Potential measurement close impact,Report Logic,Closed after successful rerun,BATCH-20260520-00,ZERO_VOLUME
TCK-000275,2026-05-21T20:02:00,2026-05-23T01:02:00,Azure SQL,Duplicate Records,Low,FAC-008,MTR-040,BI Reporting,Resolved,User unable to validate volume,Source Data,Waiting on source system refresh,BATCH-20260521-20,ZERO_VOLUME
TCK-000276,2026-04-18T02:20:00,2026-04-20T14:20:00,Snowflake,Duplicate Records,Critical,FAC-002,MTR-006,Application Support,Resolved,Pipeline health alert,Reference Data,Validated source-to-target counts,BATCH-20260418-02,PIPELINE_FAILED
TCK-000277,2026-05-28T11:14:00,2026-05-31T16:14:00,Azure SQL,Failed Pipeline Job,High,FAC-015,MTR-074,Operations,Closed,User unable to validate volume,Measurement Approval,Waiting on source system refresh,BATCH-20260528-11,DUPLICATE_READING
TCK-000278,2026-04-24T07:22:00,2026-04-25T13:22:00,MeterFlow IQ,Missing Measurement Data,Medium,FAC-010,MTR-047,Measurement,Closed,Dashboard value mismatch,ETL / Pipeline,Closed after successful rerun,BATCH-20260424-07,
TCK-000279,2026-04-07T20:07:00,2026-04-11T01:07:00,MeterFlow IQ,Duplicate Records,High,FAC-018,MTR-087,BI Reporting,Closed,Potential measurement close impact,Reference Data,Validated source-to-target counts,BATCH-20260407-20,NULL_VOLUME
TCK-000280,2026-04-24T00:21:00,2026-04-26T00:21:00,MeterFlow IQ,Missing Measurement Data,High,FAC-002,MTR-008,Commercial,Resolved,Pipeline health alert,Measurement Approval,Closed after successful rerun,BATCH-20260424-00,
TCK-000281,2026-04-17T23:44:00,2026-04-21T19:44:00,Streamlit,FlowCal Exception,Medium,FAC-021,MTR-103,Measurement,Closed,Pipeline health alert,Reference Data,Waiting on source system refresh,BATCH-20260417-23,DUPLICATE_READING
TCK-000282,2026-05-25T20:11:00,2026-05-27T06:11:00,Snowflake,User Access Issue,Low,FAC-022,MTR-106,Operations,Resolved,Pipeline health alert,User Workflow,Closed after successful rerun,BATCH-20260525-20,NULL_VOLUME
TCK-000283,2026-05-09T09:50:00,2026-05-13T05:50:00,FlowCalSim,Invalid Quality Code,Medium,FAC-021,MTR-104,Field Ops,Closed,Pipeline health alert,Reference Data,Documented workaround and escalation path,BATCH-20260509-09,
TCK-000284,2026-05-17T06:03:00,,Azure SQL,Duplicate Records,Low,FAC-012,MTR-058,Measurement,Investigating,User unable to validate volume,ETL / Pipeline,Reviewed mapping and confirmed correction,BATCH-20260517-06,STALE_READING
TCK-000285,2026-05-08T20:53:00,2026-05-10T06:53:00,SimulatedSCADA,FlowCal Exception,High,FAC-016,MTR-076,Measurement,Closed,Potential measurement close impact,Access / Security,Reviewed mapping and confirmed correction,BATCH-20260508-20,LATE_ARRIVAL
TCK-000286,2026-04-20T12:28:00,2026-04-22T14:28:00,Snowflake,FlowCal Exception,Medium,FAC-011,MTR-051,BI Reporting,Closed,Report output delayed,Polling Platform,Closed after successful rerun,BATCH-20260420-12,PIPELINE_FAILED
TCK-000287,2026-04-08T10:10:00,,Azure SQL,Failed Pipeline Job,Low,FAC-009,MTR-044,Operations,Waiting on Source Team,Dashboard value mismatch,Source Data,Reviewed mapping and confirmed correction,BATCH-20260408-10,NULL_VOLUME
TCK-000288,2026-05-23T00:24:00,,Streamlit,Duplicate Records,Critical,FAC-014,MTR-067,BI Reporting,Investigating,Pipeline health alert,Reference Data,Validated source-to-target counts,BATCH-20260523-00,PIPELINE_FAILED
TCK-000289,2026-05-05T17:41:00,2026-05-07T07:41:00,Snowflake,BI Report Mismatch,High,FAC-004,MTR-016,Commercial,Closed,Report output delayed,Report Logic,Reviewed mapping and confirmed correction,BATCH-20260505-17,LATE_ARRIVAL
TCK-000290,2026-04-09T10:14:00,2026-04-11T22:14:00,FlowCalSim,Late Data Arrival,Medium,FAC-001,MTR-002,Measurement,Resolved,Potential measurement close impact,Source Data,Reviewed mapping and confirmed correction,BATCH-20260409-10,MISSING_ASSET
TCK-000291,2026-04-12T16:33:00,,Azure SQL,Missing Measurement Data,Medium,FAC-015,MTR-071,Commercial,New,Pipeline health alert,Source Data,Reviewed mapping and confirmed correction,BATCH-20260412-16,MISSING_ASSET
TCK-000292,2026-04-16T22:31:00,2026-04-18T23:31:00,Snowflake,Late Data Arrival,Medium,FAC-012,MTR-056,Field Ops,Closed,User unable to validate volume,Polling Platform,Closed after successful rerun,BATCH-20260416-22,PIPELINE_FAILED
TCK-000293,2026-04-20T23:54:00,2026-04-23T04:54:00,MeterFlow IQ,User Access Issue,Medium,FAC-002,MTR-009,Field Ops,Closed,User unable to validate volume,User Workflow,Documented workaround and escalation path,BATCH-20260420-23,LATE_ARRIVAL
TCK-000294,2026-05-03T11:56:00,2026-05-06T08:56:00,Azure SQL,Missing Measurement Data,Critical,FAC-001,MTR-005,Measurement,Closed,Report output delayed,User Workflow,Waiting on source system refresh,BATCH-20260503-11,PIPELINE_FAILED
TCK-000295,2026-04-27T19:30:00,2026-04-28T18:30:00,Azure SQL,FlowCal Exception,Medium,FAC-017,MTR-082,Field Ops,Resolved,Report output delayed,Source Data,Closed after successful rerun,BATCH-20260427-19,ZERO_VOLUME
TCK-000296,2026-05-25T04:25:00,,Snowflake,Duplicate Records,Medium,FAC-009,MTR-041,Operations,Waiting on Source Team,User unable to validate volume,Polling Platform,Validated source-to-target counts,BATCH-20260525-04,NULL_VOLUME
TCK-000297,2026-05-26T04:27:00,2026-05-28T18:27:00,MeterFlow IQ,Failed Pipeline Job,Low,FAC-010,MTR-050,BI Reporting,Closed,Potential measurement close impact,Source Data,Validated source-to-target counts,BATCH-20260526-04,DUPLICATE_READING
TCK-000298,2026-05-10T05:56:00,2026-05-13T16:56:00,FlowCalSim,User Access Issue,Medium,FAC-011,MTR-052,Application Support,Resolved,Dashboard value mismatch,Source Data,Closed after successful rerun,BATCH-20260510-05,
TCK-000299,2026-04-14T09:39:00,,Streamlit,Polling Outage,Critical,FAC-018,MTR-087,Commercial,Investigating,Pipeline health alert,Polling Platform,Waiting on source system refresh,BATCH-20260414-09,ZERO_VOLUME
TCK-000300,2026-04-16T15:11:00,2026-04-16T17:11:00,FlowCalSim,FlowCal Exception,Low,FAC-009,MTR-044,Field Ops,Closed,Pipeline health alert,Report Logic,Waiting on source system refresh,BATCH-20260416-15,PIPELINE_FAILED
TCK-000301,2026-04-30T14:06:00,2026-05-01T21:06:00,MeterFlow IQ,Missing Measurement Data,High,FAC-019,MTR-091,Field Ops,Resolved,Pipeline health alert,Access / Security,Documented workaround and escalation path,BATCH-20260430-14,STALE_READING
TCK-000302,2026-04-03T06:32:00,2026-04-03T10:32:00,MeterFlow IQ,Failed Pipeline Job,Medium,FAC-015,MTR-074,Field Ops,Closed,Pipeline health alert,Polling Platform,Documented workaround and escalation path,BATCH-20260403-06,NULL_VOLUME
TCK-000303,2026-04-30T02:41:00,2026-05-03T21:41:00,MeterFlow IQ,BI Report Mismatch,Medium,FAC-021,MTR-102,Commercial,Closed,Report output delayed,Measurement Approval,Reviewed mapping and confirmed correction,BATCH-20260430-02,MISSING_ASSET
TCK-000304,2026-05-14T22:29:00,,BigQuery,User Access Issue,High,FAC-011,MTR-053,BI Reporting,Investigating,Potential measurement close impact,Source Data,Documented workaround and escalation path,BATCH-20260514-22,MISSING_ASSET
TCK-000305,2026-04-09T02:51:00,2026-04-11T16:51:00,Streamlit,Polling Outage,Critical,FAC-006,MTR-027,BI Reporting,Resolved,Dashboard value mismatch,Reference Data,Waiting on source system refresh,BATCH-20260409-02,MISSING_ASSET
TCK-000306,2026-05-04T04:13:00,2026-05-07T03:13:00,Streamlit,Incorrect Facility Mapping,Medium,FAC-002,MTR-007,Field Ops,Resolved,Potential measurement close impact,User Workflow,Reviewed mapping and confirmed correction,BATCH-20260504-04,LATE_ARRIVAL
TCK-000307,2026-05-30T13:32:00,,Azure SQL,Invalid Quality Code,Medium,FAC-015,MTR-074,Commercial,Waiting on Source Team,Potential measurement close impact,Reference Data,Reviewed mapping and confirmed correction,BATCH-20260530-13,PIPELINE_FAILED
TCK-000308,2026-05-17T11:16:00,2026-05-18T20:16:00,Azure SQL,Polling Outage,High,FAC-006,MTR-027,Measurement,Resolved,Report output delayed,Polling Platform,Reviewed mapping and confirmed correction,BATCH-20260517-11,STALE_READING
TCK-000309,2026-04-05T01:56:00,2026-04-06T08:56:00,BigQuery,Duplicate Records,High,FAC-024,MTR-117,Measurement,Closed,Pipeline health alert,Reference Data,Waiting on source system refresh,BATCH-20260405-01,ZERO_VOLUME
TCK-000310,2026-04-21T03:36:00,2026-04-23T06:36:00,FlowCalSim,FlowCal Exception,Medium,FAC-021,MTR-103,Measurement,Resolved,Pipeline health alert,Access / Security,Reviewed mapping and confirmed correction,BATCH-20260421-03,DUPLICATE_READING
TCK-000311,2026-05-08T06:03:00,2026-05-09T12:03:00,BigQuery,Invalid Quality Code,Low,FAC-018,MTR-089,Operations,Resolved,User unable to validate volume,Measurement Approval,Waiting on source system refresh,BATCH-20260508-06,MISSING_ASSET
TCK-000312,2026-04-06T02:55:00,2026-04-07T18:55:00,Azure SQL,Polling Outage,High,FAC-006,MTR-028,Field Ops,Resolved,Report output delayed,Access / Security,Reviewed mapping and confirmed correction,BATCH-20260406-02,NULL_VOLUME
TCK-000313,2026-05-15T19:55:00,2026-05-18T19:55:00,Azure SQL,Late Data Arrival,Medium,FAC-012,MTR-056,Commercial,Resolved,Potential measurement close impact,ETL / Pipeline,Validated source-to-target counts,BATCH-20260515-19,ZERO_VOLUME
TCK-000314,2026-04-07T05:41:00,2026-04-10T13:41:00,Azure SQL,BI Report Mismatch,Medium,FAC-008,MTR-040,BI Reporting,Closed,Dashboard value mismatch,ETL / Pipeline,Documented workaround and escalation path,BATCH-20260407-05,NULL_VOLUME
TCK-000315,2026-05-30T13:21:00,2026-06-01T01:21:00,FlowCalSim,Polling Outage,Medium,FAC-005,MTR-023,Measurement,Resolved,Report output delayed,ETL / Pipeline,Validated source-to-target counts,BATCH-20260530-13,MISSING_ASSET
TCK-000316,2026-04-09T20:46:00,2026-04-12T06:46:00,MeterFlow IQ,User Access Issue,Medium,FAC-015,MTR-075,Operations,Resolved,Report output delayed,Source Data,Waiting on source system refresh,BATCH-20260409-20,MISSING_ASSET
TCK-000317,2026-04-23T09:46:00,,FlowCalSim,Failed Pipeline Job,Critical,FAC-004,MTR-020,Operations,Investigating,Pipeline health alert,Access / Security,Reviewed mapping and confirmed correction,BATCH-20260423-09,PIPELINE_FAILED
TCK-000318,2026-05-10T16:13:00,,SimulatedSCADA,Invalid Quality Code,High,FAC-025,MTR-124,Commercial,Investigating,Pipeline health alert,Access / Security,Documented workaround and escalation path,BATCH-20260510-16,STALE_READING
TCK-000319,2026-05-13T08:26:00,,Streamlit,Invalid Quality Code,Medium,FAC-002,MTR-008,Measurement,Waiting on Source Team,Potential measurement close impact,Measurement Approval,Waiting on source system refresh,BATCH-20260513-08,
TCK-000320,2026-05-21T07:38:00,2026-05-24T06:38:00,Streamlit,BI Report Mismatch,Medium,FAC-002,MTR-006,Commercial,Resolved,Dashboard value mismatch,Polling Platform,Closed after successful rerun,BATCH-20260521-07,ZERO_VOLUME
TCK-000321,2026-05-13T15:24:00,2026-05-17T13:24:00,FlowCalSim,User Access Issue,Medium,FAC-022,MTR-106,BI Reporting,Resolved,Potential measurement close impact,ETL / Pipeline,Documented workaround and escalation path,BATCH-20260513-15,PIPELINE_FAILED
TCK-000322,2026-05-11T00:24:00,,MeterFlow IQ,Incorrect Facility Mapping,Low,FAC-010,MTR-049,Measurement,Investigating,User unable to validate volume,Report Logic,Waiting on source system refresh,BATCH-20260511-00,PIPELINE_FAILED
TCK-000323,2026-04-23T05:24:00,,BigQuery,User Access Issue,Medium,FAC-019,MTR-093,BI Reporting,Investigating,Report output delayed,ETL / Pipeline,Documented workaround and escalation path,BATCH-20260423-05,ZERO_VOLUME
TCK-000324,2026-04-09T20:39:00,2026-04-10T02:39:00,MeterFlow IQ,BI Report Mismatch,High,FAC-012,MTR-060,Commercial,Closed,User unable to validate volume,Access / Security,Reviewed mapping and confirmed correction,BATCH-20260409-20,MISSING_ASSET
TCK-000325,2026-04-21T03:12:00,2026-04-22T13:12:00,MeterFlow IQ,Polling Outage,Low,FAC-015,MTR-073,Operations,Resolved,Potential measurement close impact,Reference Data,Closed after successful rerun,BATCH-20260421-03,MISSING_ASSET
TCK-000326,2026-05-16T15:12:00,2026-05-17T09:12:00,Streamlit,Late Data Arrival,Medium,FAC-006,MTR-030,Application Support,Closed,User unable to validate volume,Reference Data,Closed after successful rerun,BATCH-20260516-15,
TCK-000327,2026-05-07T18:54:00,2026-05-09T11:54:00,Snowflake,Duplicate Records,High,FAC-001,MTR-003,Operations,Closed,Report output delayed,Measurement Approval,Waiting on source system refresh,BATCH-20260507-18,NULL_VOLUME
TCK-000328,2026-04-27T19:18:00,,Azure SQL,Polling Outage,Low,FAC-009,MTR-044,Application Support,Waiting on Source Team,Pipeline health alert,Measurement Approval,Documented workaround and escalation path,BATCH-20260427-19,DUPLICATE_READING
TCK-000329,2026-04-04T23:05:00,2026-04-07T05:05:00,SimulatedSCADA,Polling Outage,Low,FAC-017,MTR-084,Field Ops,Closed,Dashboard value mismatch,Source Data,Validated source-to-target counts,BATCH-20260404-23,DUPLICATE_READING
TCK-000330,2026-04-08T20:49:00,2026-04-11T06:49:00,Azure SQL,BI Report Mismatch,High,FAC-025,MTR-123,Operations,Closed,Dashboard value mismatch,Reference Data,Documented workaround and escalation path,BATCH-20260408-20,PIPELINE_FAILED
TCK-000331,2026-04-09T02:34:00,,MeterFlow IQ,Polling Outage,Medium,FAC-010,MTR-048,Measurement,Investigating,Potential measurement close impact,Report Logic,Reviewed mapping and confirmed correction,BATCH-20260409-02,MISSING_ASSET
TCK-000332,2026-04-18T23:27:00,2026-04-21T20:27:00,BigQuery,BI Report Mismatch,Critical,FAC-004,MTR-020,Commercial,Resolved,Pipeline health alert,Report Logic,Waiting on source system refresh,BATCH-20260418-23,LATE_ARRIVAL
TCK-000333,2026-04-12T18:06:00,2026-04-14T17:06:00,Streamlit,Duplicate Records,Low,FAC-011,MTR-053,Application Support,Resolved,Pipeline health alert,Report Logic,Waiting on source system refresh,BATCH-20260412-18,LATE_ARRIVAL
TCK-000334,2026-05-06T19:50:00,,SimulatedSCADA,Duplicate Records,Low,FAC-021,MTR-103,Field Ops,Investigating,Dashboard value mismatch,Report Logic,Reviewed mapping and confirmed correction,BATCH-20260506-19,
TCK-000335,2026-05-01T20:07:00,,Azure SQL,Incorrect Facility Mapping,Low,FAC-003,MTR-014,Application Support,Waiting on Source Team,Potential measurement close impact,User Workflow,Waiting on source system refresh,BATCH-20260501-20,ZERO_VOLUME
TCK-000336,2026-05-08T03:22:00,2026-05-11T04:22:00,Azure SQL,Duplicate Records,High,FAC-008,MTR-037,Application Support,Resolved,User unable to validate volume,Access / Security,Reviewed mapping and confirmed correction,BATCH-20260508-03,ZERO_VOLUME
TCK-000337,2026-04-18T15:14:00,,Snowflake,Invalid Quality Code,High,FAC-013,MTR-061,Field Ops,New,User unable to validate volume,Source Data,Waiting on source system refresh,BATCH-20260418-15,STALE_READING
TCK-000338,2026-05-21T21:42:00,2026-05-22T18:42:00,Streamlit,Polling Outage,High,FAC-016,MTR-078,Field Ops,Resolved,User unable to validate volume,ETL / Pipeline,Reviewed mapping and confirmed correction,BATCH-20260521-21,ZERO_VOLUME
TCK-000339,2026-05-29T13:42:00,2026-05-30T00:42:00,BigQuery,BI Report Mismatch,High,FAC-021,MTR-102,Application Support,Resolved,Dashboard value mismatch,Measurement Approval,Reviewed mapping and confirmed correction,BATCH-20260529-13,PIPELINE_FAILED
TCK-000340,2026-05-12T17:40:00,2026-05-15T09:40:00,BigQuery,Missing Measurement Data,Critical,FAC-006,MTR-029,Application Support,Closed,Dashboard value mismatch,User Workflow,Reviewed mapping and confirmed correction,BATCH-20260512-17,PIPELINE_FAILED
TCK-000341,2026-04-07T06:22:00,2026-04-08T00:22:00,SimulatedSCADA,Late Data Arrival,Low,FAC-021,MTR-105,Application Support,Closed,Report output delayed,Polling Platform,Documented workaround and escalation path,BATCH-20260407-06,LATE_ARRIVAL
TCK-000342,2026-04-24T19:41:00,,MeterFlow IQ,BI Report Mismatch,Medium,FAC-009,MTR-045,Field Ops,Investigating,Pipeline health alert,Measurement Approval,Waiting on source system refresh,BATCH-20260424-19,ZERO_VOLUME
TCK-000343,2026-05-29T10:57:00,,BigQuery,User Access Issue,Medium,FAC-016,MTR-077,Field Ops,New,Report output delayed,Reference Data,Reviewed mapping and confirmed correction,BATCH-20260529-10,
TCK-000344,2026-05-11T12:32:00,,MeterFlow IQ,Failed Pipeline Job,Medium,FAC-020,MTR-099,BI Reporting,Investigating,Pipeline health alert,User Workflow,Waiting on source system refresh,BATCH-20260511-12,ZERO_VOLUME
TCK-000345,2026-05-25T13:04:00,2026-05-28T22:04:00,SimulatedSCADA,Missing Measurement Data,Medium,FAC-022,MTR-109,Field Ops,Closed,User unable to validate volume,Report Logic,Waiting on source system refresh,BATCH-20260525-13,
TCK-000346,2026-04-13T00:22:00,2026-04-16T07:22:00,Azure SQL,User Access Issue,Medium,FAC-003,MTR-012,Field Ops,Closed,Dashboard value mismatch,ETL / Pipeline,Closed after successful rerun,BATCH-20260413-00,
TCK-000347,2026-04-06T10:00:00,,BigQuery,Late Data Arrival,High,FAC-024,MTR-118,Commercial,Investigating,Dashboard value mismatch,Reference Data,Reviewed mapping and confirmed correction,BATCH-20260406-10,
TCK-000348,2026-05-23T08:19:00,,MeterFlow IQ,Late Data Arrival,Medium,FAC-006,MTR-027,Measurement,Waiting on Source Team,Potential measurement close impact,ETL / Pipeline,Documented workaround and escalation path,BATCH-20260523-08,DUPLICATE_READING
TCK-000349,2026-04-17T06:48:00,,Snowflake,Duplicate Records,Low,FAC-020,MTR-096,BI Reporting,Investigating,Report output delayed,Reference Data,Documented workaround and escalation path,BATCH-20260417-06,DUPLICATE_READING
TCK-000350,2026-05-15T07:56:00,2026-05-17T14:56:00,SimulatedSCADA,Missing Measurement Data,High,FAC-019,MTR-091,Commercial,Closed,Dashboard value mismatch,Source Data,Documented workaround and escalation path,BATCH-20260515-07,ZERO_VOLUME
